Code du département;Libellé du département;Code de la circonscription;Libellé de la circonscription;Inscrits;Abstentions;% Abs/Ins;Votants;% Vot/Ins;Blancs et nuls;% BlNuls/Ins;% BlNuls/Vot;Exprimés;% Exp/Ins;% Exp/Vot;Sexe;Nom;Prénom;Nuance;Voix;% Voix/Ins;% Voix/Exp;Sexe;Nom;Prénom;Nuance;Voix;% Voix/Ins;% Voix/Exp;Sexe;Nom;Prénom;Nuance;Voix;% Voix/Ins;% Voix/Exp
1;AIN;1;1ère circonscription;86608;33907;39,15;52701;60,85;1009;1,17;1,91;51692;59,69;98,09;M;DEBAT;Jean-François;SOC;23953;27,66;46,34;M;BRETON;Xavier;UMP;27739;32,03;53,66;;;;;;;
1;AIN;3;3ème circonscription;86694;41582;47,96;45112;52,04;1296;1,49;2,87;43816;50,54;97,13;M;BLANC;Etienne;UMP;26378;30,43;60,20;F;RIGAUD;Françoise;SOC;17438;20,11;39,80;;;;;;;
2;AISNE;1;1ère circonscription;72356;27409;37,88;44947;62,12;1420;1,96;3,16;43527;60,16;96,84;M;DOSIERE;René;DVG;24499;33,86;56,28;F;BLANCHARD-DOUCHAIN;Gaëdic;UMP;19028;26,30;43,72;;;;;;;
2;AISNE;3;3ème circonscription;72224;25232;34,94;46992;65,06;1255;1,74;2,67;45737;63,33;97,33;M;BALLIGAND;Jean-Pierre;SOC;24383;33,76;53,31;M;MEURA;Frédéric;UMP;21354;29,57;46,69;;;;;;;
2;AISNE;4;4ème circonscription;79252;32683;41,24;46569;58,76;1144;1,44;2,46;45425;57,32;97,54;F;THUIN-MACHEREZ;Brigitte;UMP;20633;26,03;45,42;M;DESALLANGRE;Jacques;DVG;24792;31,28;54,58;;;;;;;
2;AISNE;5;5ème circonscription;80003;31641;39,55;48362;60,45;1724;2,15;3,56;46638;58,30;96,44;M;JOURDAIN;Dominique;SOC;21471;26,84;46,04;F;VASSEUR;Isabelle;UMP;25167;31,46;53,96;;;;;;;
3;ALLIER;1;1ère circonscription;58297;19208;32,95;39089;67,05;1079;1,85;2,76;38010;65,20;97,24;M;PERISSOL;Pierre-André;UMP;17285;29,65;45,47;M;CHAMBEFORT;Guy;DVG;20725;35,55;54,53;;;;;;;
3;ALLIER;2;2ème circonscription;66360;21716;32,72;44644;67,28;1206;1,82;2,70;43438;65,46;97,30;M;DUGLERY;Daniel;UMP;20160;30,38;46,41;M;LESTERLIN;Bernard;SOC;23278;35,08;53,59;;;;;;;
3;ALLIER;3;3ème circonscription;70733;22694;32,08;48039;67,92;1657;2,34;3,45;46382;65,57;96,55;M;SIMON;Yves;UMP;22822;32,26;49,20;M;MALLOT;Jean;SOC;23560;33,31;50,80;;;;;;;
3;ALLIER;4;4ème circonscription;64842;21289;32,83;43553;67,17;988;1,52;2,27;42565;65,64;97,73;M;MALHURET;Claude;UMP;18499;28,53;43,46;M;CHARASSE;Gérard;RDG;24066;37,11;56,54;;;;;;;
4;ALPES DE HAUTE PROVENCE;1;1ère circonscription;58494;17565;30,03;40929;69,97;1200;2,05;2,93;39729;67,92;97,07;F;BARREILLE;Eliane;UMP;18938;32,38;47,67;M;BIANCO;Jean-Louis;SOC;20791;35,54;52,33;;;;;;;
4;ALPES DE HAUTE PROVENCE;2;2ème circonscription;60861;20935;34,40;39926;65,60;1181;1,94;2,96;38745;63,66;97,04;M;SPAGNOU;Daniel;UMP;20905;34,35;53,96;M;CASTANER;Christophe;SOC;17840;29,31;46,04;;;;;;;
5;HAUTES ALPES;1;1ère circonscription;57664;20181;35,00;37483;65,00;1517;2,63;4,05;35966;62,37;95,95;F;MARTINEZ;Henriette;UMP;18621;32,29;51,77;F;BERGER;Karine;SOC;17345;30,08;48,23;;;;;;;
5;HAUTES ALPES;2;2ème circonscription;45842;13640;29,75;32202;70,25;855;1,87;2,66;31347;68,38;97,34;M;GIRAUD;Joël;RDG;17184;37,49;54,82;M;BAYROU;Alain;UMP;14163;30,90;45,18;;;;;;;
6;ALPES MARITIMES;1;1ère circonscription;58292;27350;46,92;30942;53,08;797;1,37;2,58;30145;51,71;97,42;M;ALLEMAND;Patrick;SOC;11780;20,21;39,08;M;CIOTTI;Eric;UMP;18365;31,51;60,92;;;;;;;
6;ALPES MARITIMES;8;8ème circonscription;67697;31715;46,85;35982;53,15;2690;3,97;7,48;33292;49,18;92,52;M;BROCHAND;Bernard;UMP;18299;27,03;54,97;M;LEROY;Henri;DVD;14993;22,15;45,03;;;;;;;
7;ARDECHE;1;1ère circonscription;73752;26247;35,59;47505;64,41;1063;1,44;2,24;46442;62,97;97,76;M;TERRASSE;Pascal;SOC;28639;38,83;61,67;F;COTTA;Rachel;UMP;17803;24,14;38,33;;;;;;;
7;ARDECHE;2;2ème circonscription;88923;33040;37,16;55883;62,84;1714;1,93;3,07;54169;60,92;96,93;M;DUSSOPT;Olivier;SOC;29096;32,72;53,71;M;WEBER;Gérard;UMP;25073;28,20;46,29;;;;;;;
7;ARDECHE;3;3ème circonscription;73290;24867;33,93;48423;66,07;1505;2,05;3,11;46918;64,02;96,89;M;FLORY;Jean-Claude;UMP;26082;35,59;55,59;F;LOUIS;Véronique;SOC;20836;28,43;44,41;;;;;;;
8;ARDENNES;1;1ère circonscription;73470;30624;41,68;42846;58,32;1168;1,59;2,73;41678;56,73;97,27;F;POLETTI;Bérengère;UMP;24808;33,77;59,52;F;LEDOUX;Claudine;SOC;16870;22,96;40,48;;;;;;;
8;ARDENNES;2;2ème circonscription;66233;25822;38,99;40411;61,01;856;1,29;2,12;39555;59,72;97,88;M;RAVIGNON;Boris;UMP;19192;28,98;48,52;M;VUILQUE;Philippe;SOC;20363;30,74;51,48;;;;;;;
9;ARIEGE;1;1ère circonscription;56037;20504;36,59;35533;63,41;1797;3,21;5,06;33736;60,20;94,94;F;MASSAT;Frédérique;SOC;22236;39,68;65,91;F;ROUGE;Jacqueline;UMP;11500;20,52;34,09;;;;;;;
9;ARIEGE;2;2ème circonscription;58234;19588;33,64;38646;66,36;1477;2,54;3,82;37169;63,83;96,18;M;NAYROU;Henri;SOC;22692;38,97;61,05;M;CALLEJA;Philippe;UMP;14477;24,86;38,95;;;;;;;
10;AUBE;1;1ère circonscription;58061;24390;42,01;33671;57,99;1171;2,02;3,48;32500;55,98;96,52;M;DHUICQ;Nicolas;UMP;19707;33,94;60,64;F;BRET;Line;SOC;12793;22,03;39,36;;;;;;;
10;AUBE;2;2ème circonscription;73367;33103;45,12;40264;54,88;1908;2,60;4,74;38356;52,28;95,26;M;MATHIS;Jean-Claude;UMP;25032;34,12;65,26;F;AYADI;Saliha;RDG;13324;18,16;34,74;;;;;;;
11;AUDE;1;1ère circonscription;70191;21982;31,32;48209;68,68;1784;2,54;3,70;46425;66,14;96,30;F;CHESA;Isabelle;UMP;21135;30,11;45,53;M;PEREZ;Jean-Claude;SOC;25290;36,03;54,47;;;;;;;
11;AUDE;2;2ème circonscription;110417;35994;32,60;74423;67,40;2290;2,07;3,08;72133;65,33;96,92;M;BASCOU;Jacques;SOC;38701;35,05;53,65;M;PY;Michel;UMP;33432;30,28;46,35;;;;;;;
11;AUDE;3;3ème circonscription;74180;23123;31,17;51057;68,83;1850;2,49;3,62;49207;66,33;96,38;M;DUPRE;Jean-Paul;SOC;28728;38,73;58,38;M;SALVIGNOL;Jean;UMP;20479;27,61;41,62;;;;;;;
12;AVEYRON;1;1ère circonscription;74595;23853;31,98;50742;68,02;1811;2,43;3,57;48931;65,60;96,43;M;TEYSSEDRE;Christian;SOC;22846;30,63;46,69;M;CENSI;Yves;UMP;26085;34,97;53,31;;;;;;;
12;AVEYRON;2;2ème circonscription;71707;22116;30,84;49591;69,16;1898;2,65;3,83;47693;66,51;96,17;M;ROQUES;Serge;UMP;23554;32,85;49,39;F;MARCEL;Marie-Lou;SOC;24139;33,66;50,61;;;;;;;
12;AVEYRON;3;3ème circonscription;72114;22716;31,50;49398;68,50;1977;2,74;4,00;47421;65,76;96,00;M;MARC;Alain;UMP;27350;37,93;57,67;F;MARRE;Béatrice;SOC;20071;27,83;42,33;;;;;;;
13;BOUCHES DU RHONE;1;1ère circonscription;60365;26676;44,19;33689;55,81;914;1,51;2,71;32775;54,29;97,29;F;CARLOTTI;Marie-Arlette;SOC;14107;23,37;43,04;M;BLUM;Roland;UMP;18668;30,93;56,96;;;;;;;
13;BOUCHES DU RHONE;3;3ème circonscription;46648;20928;44,86;25720;55,14;872;1,87;3,39;24848;53,27;96,61;M;MENNUCCI;Patrick;SOC;12300;26,37;49,50;M;ROATTA;Jean;UMP;12548;26,90;50,50;;;;;;;
13;BOUCHES DU RHONE;4;4ème circonscription;48045;24008;49,97;24037;50,03;1001;2,08;4,16;23036;47,95;95,84;M;JIBRAYEL;Henri;SOC;13224;27,52;57,41;M;SUSINI;Bernard;UMP;9812;20,42;42,59;;;;;;;
13;BOUCHES DU RHONE;5;5ème circonscription;54181;25033;46,20;29148;53,80;830;1,53;2,85;28318;52,27;97,15;M;MUSELIER;Renaud;UMP;15098;27,87;53,32;M;ROUZAUD;Antoine;RDG;13220;24,40;46,68;;;;;;;
13;BOUCHES DU RHONE;7;7ème circonscription;52030;25498;49,01;26532;50,99;792;1,52;2,99;25740;49,47;97,01;F;ANDRIEUX;Sylvie;SOC;14874;28,59;57,79;F;REMADNIA PREZIOSI;Nora;UMP;10866;20,88;42,21;;;;;;;
13;BOUCHES DU RHONE;8;8ème circonscription;74123;31682;42,74;42441;57,26;893;1,20;2,10;41548;56,05;97,90;M;MASSE;Christophe;SOC;20676;27,89;49,76;F;BOYER;Valérie;UMP;20872;28,16;50,24;;;;;;;
13;BOUCHES DU RHONE;10;10ème circonscription;123761;51860;41,90;71901;58,10;2164;1,75;3,01;69737;56,35;96,99;M;MEI;Roger;COM;29900;24,16;42,88;M;MALLIE;Richard;UMP;39837;32,19;57,12;;;;;;;
13;BOUCHES DU RHONE;11;11ème circonscription;100137;43360;43,30;56777;56,70;1815;1,81;3,20;54962;54,89;96,80;F;LENFANT;Gaëlle;SOC;21211;21,18;38,59;M;KERT;Christian;UMP;33751;33,70;61,41;;;;;;;
13;BOUCHES DU RHONE;13;13ème circonscription;89515;35604;39,77;53911;60,23;1689;1,89;3,13;52222;58,34;96,87;M;ARAGNEAU;Alain;UMP;22962;25,65;43,97;M;VAXES;Michel;COM;29260;32,69;56,03;;;;;;;
13;BOUCHES DU RHONE;14;14ème circonscription;101906;42370;41,58;59536;58,42;2253;2,21;3,78;57283;56,21;96,22;F;JOISSAINS MASINI;Maryse;UMP;31430;30,84;54,87;M;MEDVEDOWSKY;Alexandre;SOC;25853;25,37;45,13;;;;;;;
13;BOUCHES DU RHONE;15;15ème circonscription;100084;47837;47,80;52247;52,20;8782;8,77;16,81;43465;43,43;83,19;M;VACHET;Léon;UMP;16671;16,66;38,35;M;REYNES;Bernard;DVD;26794;26,77;61,65;;;;;;;
13;BOUCHES DU RHONE;16;16ème circonscription;84621;30762;36,35;53859;63,65;1584;1,87;2,94;52275;61,78;97,06;M;CHASSAIN;Roland;UMP;24923;29,45;47,68;M;VAUZELLE;Michel;SOC;27352;32,32;52,32;;;;;;;
14;CALVADOS;1;1ère circonscription;71008;25153;35,42;45855;64,58;930;1,31;2,03;44925;63,27;97,97;F;LE BRETHON;Brigitte;UMP;20589;29,00;45,83;M;DURON;Philippe;SOC;24336;34,27;54,17;;;;;;;
14;CALVADOS;2;2ème circonscription;67478;25660;38,03;41818;61,97;799;1,18;1,91;41019;60,79;98,09;F;DUMONT;Laurence;SOC;22403;33,20;54,62;M;THOMAS;Rodolphe;MAJ;18616;27,59;45,38;;;;;;;
14;CALVADOS;3;3ème circonscription;74344;30098;40,48;44246;59,52;1416;1,90;3,20;42830;57,61;96,80;F;VALTER;Clotilde;SOC;20197;27,17;47,16;M;LETEURTRE;Claude;MAJ;22633;30,44;52,84;;;;;;;
14;CALVADOS;5;5ème circonscription;101406;39339;38,79;62067;61,21;1294;1,28;2,08;60773;59,93;97,92;M;LEFRANC;Jean-Marc;UMP;33842;33,37;55,69;F;LE MOAL;Nathalie;SOC;26931;26,56;44,31;;;;;;;
14;CALVADOS;6;6ème circonscription;88719;32370;36,49;56349;63,51;1514;1,71;2,69;54835;61,81;97,31;M;COUSIN;Jean-Yves;UMP;30064;33,89;54,83;M;TOURRET;Alain;RDG;24771;27,92;45,17;;;;;;;
15;CANTAL;1;1ère circonscription;64764;23159;35,76;41605;64,24;1247;1,93;3,00;40358;62,32;97,00;M;MARKARIAN;Jacques;SOC;17774;27,44;44,04;M;DESCOEUR;Vincent;UMP;22584;34,87;55,96;;;;;;;
16;CHARENTE;1;1ère circonscription;63710;24133;37,88;39577;62,12;955;1,50;2,41;38622;60,62;97,59;M;FAURY;Martine;UMP;15935;25,01;41,26;M;VIOLLET;Jean-Claude;SOC;22687;35,61;58,74;;;;;;;
16;CHARENTE;2;2ème circonscription;62482;23662;37,87;38820;62,13;1195;1,91;3,08;37625;60,22;96,92;F;REYNAUD;Marie-Line;SOC;19858;31,78;52,78;M;MOUHOT;Jérôme;UMP;17767;28,44;47,22;;;;;;;
16;CHARENTE;3;3ème circonscription;69142;23280;33,67;45862;66,33;1215;1,76;2,65;44647;64,57;97,35;M;LAMBERT;Jérôme;SOC;27484;39,75;61,56;F;FOMBARON;Caroline;UMP;17163;24,82;38,44;;;;;;;
16;CHARENTE;4;4ème circonscription;65347;23837;36,48;41510;63,52;1141;1,75;2,75;40369;61,78;97,25;M;MOTTET;Philippe;UMP;17345;26,54;42,97;F;PINVILLE;Martine;DVG;23024;35,23;57,03;;;;;;;
17;CHARENTE MARITIME;1;1ère circonscription;96463;34600;35,87;61863;64,13;3109;3,22;5,03;58754;60,91;94,97;F;MORVANT;Dominique;UMP;26409;27,38;44,95;M;BONO;Maxime;SOC;32345;33,53;55,05;;;;;;;
17;CHARENTE MARITIME;2;2ème circonscription;92262;36551;39,62;55711;60,38;1289;1,40;2,31;54422;58,99;97,69;M;LEONARD;Jean-Louis;UMP;27321;29,61;50,20;M;BONNIN;André;SOC;27101;29,37;49,80;;;;;;;
17;CHARENTE MARITIME;3;3ème circonscription;79763;29211;36,62;50552;63,38;1529;1,92;3,02;49023;61,46;96,98;F;QUERE;Catherine;SOC;25501;31,97;52,02;M;DE ROUX;Xavier;UMP;23522;29,49;47,98;;;;;;;
18;CHER;1;1ère circonscription;75002;30370;40,49;44632;59,51;1369;1,83;3,07;43263;57,68;96,93;F;FELIX;Irène;SOC;19070;25,43;44,08;M;FROMION;Yves;UMP;24193;32,26;55,92;;;;;;;
18;CHER;2;2ème circonscription;70175;27944;39,82;42231;60,18;1589;2,26;3,76;40642;57,92;96,24;M;SANDRIER;Jean-Claude;COM;23318;33,23;57,37;M;THOMAS-RICHARD;Franck;UMP;17324;24,69;42,63;;;;;;;
18;CHER;3;3ème circonscription;87452;32769;37,47;54683;62,53;2020;2,31;3,69;52663;60,22;96,31;M;GALUT;Yann;SOC;26104;29,85;49,57;M;COSYNS;Louis;UMP;26559;30,37;50,43;;;;;;;
19;CORREZE;1;1ère circonscription;65946;17065;25,88;48881;74,12;1627;2,47;3,33;47254;71,66;96,67;M;DECAIE;Jean-Pierre;UMP;18760;28,45;39,70;M;HOLLANDE;François;SOC;28494;43,21;60,30;;;;;;;
19;CORREZE;2;2ème circonscription;69666;22871;32,83;46795;67,17;1438;2,06;3,07;45357;65,11;96,93;M;SOULIER;Frédéric;UMP;22251;31,94;49,06;M;NAUCHE;Philippe;SOC;23106;33,17;50,94;;;;;;;
19;CORREZE;3;3ème circonscription;51939;13603;26,19;38336;73,81;1310;2,52;3,42;37026;71,29;96,58;M;DUPONT;Jean-Pierre;UMP;18562;35,74;50,13;F;LECLERC;Martine;SOC;18464;35,55;49,87;;;;;;;
2A;CORSE SUD;1;1ère circonscription;44709;14710;32,90;29999;67,10;653;1,46;2,18;29346;65,64;97,82;M;RENUCCI;Simon;DVG;15922;35,61;54,26;M;CORTEY;Philippe;UMP;13424;30,03;45,74;;;;;;;
2B;HAUTE CORSE;1;1ère circonscription;51549;15685;30,43;35864;69,57;1573;3,05;4,39;34291;66,52;95,61;M;GANDOLFI-SCHEIT;Sauveur;UMP;18480;35,85;53,89;M;ZUCCARELLI;Emile;RDG;15811;30,67;46,11;;;;;;;
2B;HAUTE CORSE;2;2ème circonscription;60366;15025;24,89;45341;75,11;1096;1,82;2,42;44245;73,29;97,58;F;GRIMALDI;Stéphanie;UMP;21145;35,03;47,79;M;GIACOBBI;Paul;RDG;23100;38,27;52,21;;;;;;;
21;COTE D'OR;1;1ère circonscription;67227;25703;38,23;41524;61,77;1131;1,68;2,72;40393;60,08;97,28;M;DEPIERRE;Bernard;UMP;22393;33,31;55,44;F;TENENBAUM;Françoise;SOC;18000;26,77;44,56;;;;;;;
21;COTE D'OR;2;2ème circonscription;64501;25204;39,08;39297;60,92;997;1,55;2,54;38300;59,38;97,46;M;DELATTE;Rémi;UMP;22031;34,16;57,52;F;POPARD;Colette;SOC;16269;25,22;42,48;;;;;;;
21;COTE D'OR;3;3ème circonscription;68647;27796;40,49;40851;59,51;955;1,39;2,34;39896;58,12;97,66;F;BEAUDOUVI;Anne-Marie;UMP;18646;27,16;46,74;F;DARCIAUX;Claude Anne;SOC;21250;30,96;53,26;;;;;;;
22;COTES D'ARMOR;1;1ère circonscription;88480;30561;34,54;57919;65,46;1433;1,62;2,47;56486;63,84;97,53;M;CADEC;Alain;UMP;23880;26,99;42,28;F;BOUSQUET;Danielle;SOC;32606;36,85;57,72;;;;;;;
22;COTES D'ARMOR;2;2ème circonscription;91340;26516;29,03;64824;70,97;1483;1,62;2,29;63341;69,35;97,71;M;GAUBERT;Jean;SOC;34636;37,92;54,68;M;VASPART;Michel;UMP;28705;31,43;45,32;;;;;;;
22;COTES D'ARMOR;3;3ème circonscription;85571;25339;29,61;60232;70,39;1083;1,27;1,80;59149;69,12;98,20;M;LE FUR;Marc;UMP;30767;35,95;52,02;M;CAURET;Loïc;SOC;28382;33,17;47,98;;;;;;;
22;COTES D'ARMOR;4;4ème circonscription;79889;25918;32,44;53971;67,56;1662;2,08;3,08;52309;65,48;96,92;F;BAGUE;Marie-Elisabeth;UMP;19241;24,08;36,78;F;OGET;Marie-Renée;SOC;33068;41,39;63,22;;;;;;;
22;COTES D'ARMOR;5;5ème circonscription;101749;31931;31,38;69818;68,62;1530;1,50;2,19;68288;67,11;97,81;F;FURET;Marie-Dominique;UMP;29994;29,48;43,92;F;ERHEL;Corinne;SOC;38294;37,64;56,08;;;;;;;
23;CREUSE;1;1ère circonscription;50900;17713;34,80;33187;65,20;1080;2,12;3,25;32107;63,08;96,75;M;VERGNIER;Michel;SOC;19432;38,18;60,52;F;JAMMOT;Brigitte;UMP;12675;24,90;39,48;;;;;;;
23;CREUSE;2;2ème circonscription;48948;14841;30,32;34107;69,68;1721;3,52;5,05;32386;66,16;94,95;M;SARRE;Georges;DVG;13920;28,44;42,98;M;AUCLAIR;Jean;UMP;18466;37,73;57,02;;;;;;;
24;DORDOGNE;1;1ère circonscription;74689;22933;30,70;51756;69,30;1430;1,91;2,76;50326;67,38;97,24;M;DEGUILHEM;Pascal;SOC;29674;39,73;58,96;M;PEYRAT;Jérome;UMP;20652;27,65;41,04;;;;;;;
24;DORDOGNE;2;2ème circonscription;79156;26082;32,95;53074;67,05;2059;2,60;3,88;51015;64,45;96,12;F;LABARTHE;Cécile;SOC;24810;31,34;48,63;M;GARRIGUE;Daniel;UMP;26205;33,11;51,37;;;;;;;
24;DORDOGNE;3;3ème circonscription;70428;17797;25,27;52631;74,73;1705;2,42;3,24;50926;72,31;96,76;M;DEBET;Michel;SOC;27896;39,61;54,78;M;LUCAS;Alain;UMP;23030;32,70;45,22;;;;;;;
24;DORDOGNE;4;4ème circonscription;85677;24136;28,17;61541;71,83;1865;2,18;3,03;59676;69,65;96,97;M;BOUSQUET;Dominique;UMP;24601;28,71;41,22;M;PEIRO;Germinal;SOC;35075;40,94;58,78;;;;;;;
25;DOUBS;1;1ère circonscription;71436;27216;38,10;44220;61,90;1000;1,40;2,26;43220;60,50;97,74;F;ROMAGNAN;Barbara;SOC;21548;30,16;49,86;F;BRANGET;Françoise;UMP;21672;30,34;50,14;;;;;;;
25;DOUBS;2;2ème circonscription;75379;27725;36,78;47654;63,22;1304;1,73;2,74;46350;61,49;97,26;M;GROSPERRIN;Jacques;UMP;24416;32,39;52,68;F;DUFAY;Marie-Guite;SOC;21934;29,10;47,32;;;;;;;
25;DOUBS;3;3ème circonscription;66134;25228;38,15;40906;61,85;1343;2,03;3,28;39563;59,82;96,72;M;PARRENIN;Joseph;SOC;18260;27,61;46,15;M;BONNOT;Marcel;UMP;21303;32,21;53,85;;;;;;;
25;DOUBS;4;4ème circonscription;67556;25995;38,48;41561;61,52;1351;2,00;3,25;40210;59,52;96,75;F;THARIN;Irène;UMP;19730;29,21;49,07;M;MOSCOVICI;Pierre;SOC;20480;30,32;50,93;;;;;;;
26;DROME;1;1ère circonscription;73056;30578;41,86;42478;58,14;1400;1,92;3,30;41078;56,23;96,70;F;NAKIB-COLOMB;Zabida;SOC;18295;25,04;44,54;M;LABAUNE;Patrick;UMP;22783;31,19;55,46;;;;;;;
26;DROME;2;2ème circonscription;82525;32548;39,44;49977;60,56;1597;1,94;3,20;48380;58,62;96,80;M;REYNIER;Franck;UMP;25641;31,07;53,00;F;REME-PIC;Anne-Marie;SOC;22739;27,55;47,00;;;;;;;
26;DROME;3;3ème circonscription;98046;33008;33,67;65038;66,33;2040;2,08;3,14;62998;64,25;96,86;M;MARITON;Hervé;UMP;33147;33,81;52,62;M;GREGOIRE;Michel;SOC;29851;30,45;47,38;;;;;;;
26;DROME;4;4ème circonscription;85622;34126;39,86;51496;60,14;1321;1,54;2,57;50175;58,60;97,43;M;BIANCHERI;Gabriel;UMP;28950;33,81;57,70;F;COUTARD;Catherine;DVG;21225;24,79;42,30;;;;;;;
27;EURE;1;1ère circonscription;83343;35726;42,87;47617;57,13;1561;1,87;3,28;46056;55,26;96,72;M;LE MAIRE;Bruno;UMP;26838;32,20;58,27;F;MANSOURET;Anne;SOC;19218;23,06;41,73;;;;;;;
27;EURE;2;2ème circonscription;74686;29870;39,99;44816;60,01;1502;2,01;3,35;43314;57,99;96,65;M;RECOURS;Alfred;SOC;20371;27,28;47,03;M;NICOLAS;Jean-Pierre;UMP;22943;30,72;52,97;;;;;;;
27;EURE;4;4ème circonscription;83469;33440;40,06;50029;59,94;1342;1,61;2,68;48687;58,33;97,32;F;MIQUEL;Françoise;UMP;22637;27,12;46,49;M;LONCLE;François;SOC;26050;31,21;53,51;;;;;;;
27;EURE;5;5ème circonscription;85006;35381;41,62;49625;58,38;1644;1,93;3,31;47981;56,44;96,69;M;GILARD;Franck;UMP;26957;31,71;56,18;F;PICARD;Catherine;SOC;21024;24,73;43,82;;;;;;;
28;EURE ET LOIR;1;1ère circonscription;85310;36110;42,33;49200;57,67;2147;2,52;4,36;47053;55,16;95,64;M;GORGES;Jean-Pierre;UMP;23556;27,61;50,06;F;VALLET;Françoise;SOC;23497;27,54;49,94;;;;;;;
28;EURE ET LOIR;2;2ème circonscription;70133;32012;45,64;38121;54,36;1505;2,15;3,95;36616;52,21;96,05;F;HESSEL;Birgitta;SOC;14496;20,67;39,59;M;HAMEL;Gérard;UMP;22120;31,54;60,41;;;;;;;
28;EURE ET LOIR;3;3ème circonscription;71279;29383;41,22;41896;58,78;1298;1,82;3,10;40598;56,96;96,90;M;HUWART;François;RDG;18950;26,59;46,68;F;de LA RAUDIERE;Laure;UMP;21648;30,37;53,32;;;;;;;
29;FINISTERE;1;1ère circonscription;84715;26765;31,59;57950;68,41;1289;1,52;2,22;56661;66,88;97,78;F;RAMONET;Marcelle;UMP;27122;32,02;47,87;M;URVOAS;Jean Jacques;SOC;29539;34,87;52,13;;;;;;;
29;FINISTERE;2;2ème circonscription;71219;27525;38,65;43694;61,35;1033;1,45;2,36;42661;59,90;97,64;F;ADAM;Patricia;SOC;23681;33,25;55,51;M;LE BORGNE;Jean Yves;UMP;18980;26,65;44,49;;;;;;;
29;FINISTERE;3;3ème circonscription;92507;32924;35,59;59583;64,41;1365;1,48;2,29;58218;62,93;97,71;M;CUILLANDRE;François;SOC;27728;29,97;47,63;F;LAMOUR;Marguerite;UMP;30490;32,96;52,37;;;;;;;
29;FINISTERE;4;4ème circonscription;82375;26176;31,78;56199;68,22;1343;1,63;2,39;54856;66,59;97,61;F;LEBRANCHU;Marylise;SOC;29833;36,22;54,38;M;CAROFF;Gilles;UMP;25023;30,38;45,62;;;;;;;
29;FINISTERE;5;5ème circonscription;88792;33428;37,65;55364;62,35;1055;1,19;1,91;54309;61,16;98,09;F;GUITTET;Chantal;SOC;24549;27,65;45,20;M;LE GUEN;Jacques;UMP;29760;33,52;54,80;;;;;;;
29;FINISTERE;6;6ème circonscription;88693;27566;31,08;61127;68,92;1551;1,75;2,54;59576;67,17;97,46;M;FERRAND;Richard;SOC;29673;33,46;49,81;M;MENARD;Christian;UMP;29903;33,72;50,19;;;;;;;
29;FINISTERE;7;7ème circonscription;79285;24971;31,50;54314;68,50;1302;1,64;2,40;53012;66,86;97,60;F;TANGUY;Hélène;UMP;25970;32,76;48,99;F;LE LOCH;Annick;SOC;27042;34,11;51,01;;;;;;;
29;FINISTERE;8;8ème circonscription;82001;26040;31,76;55961;68,24;1691;2,06;3,02;54270;66,18;96,98;F;TRICHE;Jeanne Yvonne;UMP;25247;30,79;46,52;M;LE BRIS;Gilbert;SOC;29023;35,39;53,48;;;;;;;
30;GARD;1;1ère circonscription;83079;36166;43,53;46913;56,47;1764;2,12;3,76;45149;54,34;96,24;M;LACHAUD;Yvan;MAJ;25717;30,95;56,96;F;DUMAS;Françoise;SOC;19432;23,39;43,04;;;;;;;
30;GARD;2;2ème circonscription;114609;48212;42,07;66397;57,93;2184;1,91;3,29;64213;56,03;96,71;M;CRAUSTE;Robert;SOC;26024;22,71;40,53;M;MOURRUT;Etienne;UMP;38189;33,32;59,47;;;;;;;
30;GARD;3;3ème circonscription;113971;44927;39,42;69044;60,58;2486;2,18;3,60;66558;58,40;96,40;M;ROUBAUD;Jean-Marc;UMP;39131;34,33;58,79;M;PISSAS;Alexandre;SOC;27427;24,06;41,21;;;;;;;
30;GARD;4;4ème circonscription;85468;30593;35,79;54875;64,21;1991;2,33;3,63;52884;61,88;96,37;M;MALAVIEILLE;Patrick;COM;24778;28,99;46,85;M;ROUSTAN;Max;UMP;28106;32,88;53,15;;;;;;;
30;GARD;5;5ème circonscription;93691;33097;35,33;60594;64,67;2236;2,39;3,69;58358;62,29;96,31;M;RUAS;Christophe;UMP;28365;30,28;48,61;M;DUMAS;William;SOC;29993;32,01;51,39;;;;;;;
31;HAUTE GARONNE;1;1ère circonscription;70421;29613;42,05;40808;57,95;798;1,13;1,96;40010;56,82;98,04;F;LEMORTON;Catherine;SOC;21824;30,99;54,55;M;MOUDENC;Jean-Luc;MAJ;18186;25,82;45,45;;;;;;;
31;HAUTE GARONNE;2;2ème circonscription;110643;38375;34,68;72268;65,32;1867;1,69;2,58;70401;63,63;97,42;F;DAMIN;Danièle;UMP;32547;29,42;46,23;M;BAPT;Gérard;SOC;37854;34,21;53,77;;;;;;;
31;HAUTE GARONNE;3;3ème circonscription;85678;30036;35,06;55642;64,94;1426;1,66;2,56;54216;63,28;97,44;M;COHEN;Pierre;SOC;31045;36,23;57,26;F;DANEN;Marie-Claire;UMP;23171;27,04;42,74;;;;;;;
31;HAUTE GARONNE;4;4ème circonscription;55578;23385;42,08;32193;57,92;752;1,35;2,34;31441;56,57;97,66;M;DIEBOLD;Jean;UMP;13689;24,63;43,54;F;MARTINEL;Martine;SOC;17752;31,94;56,46;;;;;;;
31;HAUTE GARONNE;5;5ème circonscription;138352;50697;36,64;87655;63,36;2497;1,80;2,85;85158;61,55;97,15;M;CARNEIRO;Grégoire;UMP;35877;25,93;42,13;F;IMBERT;Françoise;SOC;49281;35,62;57,87;;;;;;;
31;HAUTE GARONNE;6;6ème circonscription;130026;48128;37,01;81898;62,99;2427;1,87;2,96;79471;61,12;97,04;F;DE VEYRINAS;Françoise;UMP;35686;27,45;44,90;F;IBORRA;Monique;SOC;43785;33,67;55,10;;;;;;;
31;HAUTE GARONNE;7;7ème circonscription;121369;40529;33,39;80840;66,61;2448;2,02;3,03;78392;64,59;96,97;M;LEMASLE;Patrick;SOC;44891;36,99;57,26;M;BASTIANI;Jean-Pierre;UMP;33501;27,60;42,74;;;;;;;
31;HAUTE GARONNE;8;8ème circonscription;82832;29615;35,75;53217;64,25;2428;2,93;4,56;50789;61,32;95,44;M;IDIART;Jean-Louis;SOC;30677;37,04;60,40;F;BOULET RIBET;Françoise;UMP;20112;24,28;39,60;;;;;;;
32;GERS;1;1ère circonscription;72219;22534;31,20;49685;68,80;1653;2,29;3,33;48032;66,51;96,67;F;MOUCHET;Anne-Marie;UMP;19746;27,34;41,11;M;MARTIN;Philippe;SOC;28286;39,17;58,89;;;;;;;
32;GERS;2;2ème circonscription;68532;20829;30,39;47703;69,61;1781;2,60;3,73;45922;67,01;96,27;F;BIEMOURET;Gisèle;SOC;23232;33,90;50,59;M;DUBRAC;Gérard;UMP;22690;33,11;49,41;;;;;;;
33;GIRONDE;1;1ère circonscription;82499;32875;39,85;49624;60,15;1233;1,49;2,48;48391;58,66;97,52;F;BOURRAGUE;Chantal;UMP;26349;31,94;54,45;F;DESAIGUES;Béatrice;SOC;22042;26,72;45,55;;;;;;;
33;GIRONDE;2;2ème circonscription;60328;23488;38,93;36840;61,07;746;1,24;2,02;36094;59,83;97,98;F;DELAUNAY;Michèle;SOC;18382;30,47;50,93;M;JUPPE;Alain;UMP;17712;29,36;49,07;;;;;;;
33;GIRONDE;3;3ème circonscription;72243;28308;39,18;43935;60,82;1573;2,18;3,58;42362;58,64;96,42;M;MAMERE;Noël;VEC;26611;36,84;62,82;F;VIGNE;Elisabeth;UMP;15751;21,80;37,18;;;;;;;
33;GIRONDE;4;4ème circonscription;82750;34571;41,78;48179;58,22;1391;1,68;2,89;46788;56,54;97,11;F;LACUEY;Conchita;SOC;27840;33,64;59,50;F;DELATTRE;Nathalie;UMP;18948;22,90;40,50;;;;;;;
33;GIRONDE;5;5ème circonscription;95590;35777;37,43;59813;62,57;1889;1,98;3,16;57924;60,60;96,84;F;GOT;Pascale;SOC;29179;30,53;50,37;M;REGERE;Jean-François;UMP;28745;30,07;49,63;;;;;;;
33;GIRONDE;6;6ème circonscription;89294;32403;36,29;56891;63,71;1394;1,56;2,45;55497;62,15;97,55;M;SAINTE MARIE;Michel;SOC;31740;35,55;57,19;F;MUTTER;Marie-Hélène;UMP;23757;26,61;42,81;;;;;;;
33;GIRONDE;7;7ème circonscription;96627;34632;35,84;61995;64,16;1777;1,84;2,87;60218;62,32;97,13;M;ROUSSET;Alain;SOC;36410;37,68;60,46;F;DUFRANC;Sylvie;UMP;23808;24,64;39,54;;;;;;;
33;GIRONDE;8;8ème circonscription;119359;41872;35,08;77487;64,92;2021;1,69;2,61;75466;63,23;97,39;M;DELUGA;François;SOC;34614;29,00;45,87;F;DES ESGAULX DE NOLET;Marie-Hélène;UMP;40852;34,23;54,13;;;;;;;
33;GIRONDE;9;9ème circonscription;98804;33152;33,55;65652;66,45;1919;1,94;2,92;63733;64,50;97,08;F;FAURE;Martine;SOC;35561;35,99;55,80;M;DUBOURG;Philippe;UMP;28172;28,51;44,20;;;;;;;
33;GIRONDE;10;10ème circonscription;78588;27820;35,40;50768;64,60;1547;1,97;3,05;49221;62,63;96,95;M;BUISSON;Philippe;SOC;23904;30,42;48,56;M;GARRAUD;Jean-Paul;UMP;25317;32,21;51,44;;;;;;;
33;GIRONDE;11;11ème circonscription;82996;29987;36,13;53009;63,87;1831;2,21;3,45;51178;61,66;96,55;M;PLISSON;Philippe;SOC;28186;33,96;55,07;F;ESTRADE;Hélène;UMP;22992;27,70;44,93;;;;;;;
34;HERAULT;1;1ère circonscription;76676;31025;40,46;45651;59,54;1408;1,84;3,08;44243;57,70;96,92;M;GUIBAL;Michel;SOC;21149;27,58;47,80;M;DOMERGUE;Jacques;UMP;23094;30,12;52,20;;;;;;;
34;HERAULT;2;2ème circonscription;67096;26761;39,88;40335;60,12;1059;1,58;2,63;39276;58,54;97,37;M;VEZINHET;André;SOC;21177;31,56;53,92;M;JULIEN;Arnaud;UMP;18099;26,97;46,08;;;;;;;
34;HERAULT;3;3ème circonscription;126003;47468;37,67;78535;62,33;2633;2,09;3,35;75902;60,24;96,65;F;LAZERGES;Christine;SOC;32863;26,08;43,30;M;GRAND;Jean-Pierre;UMP;43039;34,16;56,70;;;;;;;
34;HERAULT;4;4ème circonscription;134221;46427;34,59;87794;65,41;3267;2,43;3,72;84527;62,98;96,28;M;LECOU;Robert;UMP;43683;32,55;51,68;M;MOURE;Jean-Pierre;SOC;40844;30,43;48,32;;;;;;;
34;HERAULT;5;5ème circonscription;95746;31219;32,61;64527;67,39;2597;2,71;4,02;61930;64,68;95,98;M;MESQUIDA;Kléber;SOC;32398;33,84;52,31;M;ROQUES;Marcel;UMP;29532;30,84;47,69;;;;;;;
34;HERAULT;6;6ème circonscription;84511;35444;41,94;49067;58,06;1820;2,15;3,71;47247;55,91;96,29;F;BAUDUIN;Eliane;SOC;20004;23,67;42,34;M;CUGNENC;Paul-Henri;UMP;27243;32,24;57,66;;;;;;;
34;HERAULT;7;7ème circonscription;119809;43498;36,31;76311;63,69;2465;2,06;3,23;73846;61,64;96,77;M;LIBERTI;François;COM;34933;29,16;47,31;M;D'ETTORE;Gilles;UMP;38913;32,48;52,69;;;;;;;
35;ILLE ET VILAINE;1;1ère circonscription;74489;32794;44,03;41695;55,97;1166;1,57;2,80;40529;54,41;97,20;M;BOUCHERON;Jean-Michel;SOC;26541;35,63;65,49;F;LOUIS;Marie;UMP;13988;18,78;34,51;;;;;;;
35;ILLE ET VILAINE;2;2ème circonscription;98092;35042;35,72;63050;64,28;1307;1,33;2,07;61743;62,94;97,93;M;TOURTELIER;Philippe;SOC;34841;35,52;56,43;M;LE BRUN;Loïck;UMP;26902;27,43;43,57;;;;;;;
35;ILLE ET VILAINE;3;3ème circonscription;91321;32877;36,00;58444;64,00;1478;1,62;2,53;56966;62,38;97,47;M;ROUAULT;Philippe;UMP;26916;29,47;47,25;M;ROGEMONT;Marcel;DVG;30050;32,91;52,75;;;;;;;
35;ILLE ET VILAINE;4;4ème circonscription;109621;42000;38,31;67621;61,69;1521;1,39;2,25;66100;60,30;97,75;M;MARSAC;Jean-René;SOC;34983;31,91;52,92;M;AUBIN;Loic;UMP;31117;28,39;47,08;;;;;;;
35;ILLE ET VILAINE;6;6ème circonscription;77986;33968;43,56;44018;56,44;4931;6,32;11,20;39087;50,12;88,80;M;BENOIT;Thierry;UDFD;21534;27,61;55,09;F;BOISSEAU;Marie-Thérèse;UMP;17553;22,51;44,91;;;;;;;
35;ILLE ET VILAINE;7;7ème circonscription;99048;39837;40,22;59211;59,78;1768;1,78;2,99;57443;58,00;97,01;M;COUANAU;René;UMP;32745;33,06;57,00;F;THOMAS;Isabelle;SOC;24698;24,94;43,00;;;;;;;
36;INDRE;1;1ère circonscription;56274;21114;37,52;35160;62,48;1184;2,10;3,37;33976;60,38;96,63;M;SAPIN ;Michel;SOC;17175;30,52;50,55;M;HUGON;Jean-Yves;UMP;16801;29,86;49,45;;;;;;;
36;INDRE;2;2ème circonscription;64674;23146;35,79;41528;64,21;1861;2,88;4,48;39667;61,33;95,52;M;FORISSIER;Nicolas;UMP;21481;33,21;54,15;F;BECHTEL;Marie-Françoise;DVG;18186;28,12;45,85;;;;;;;
36;INDRE;3;3ème circonscription;56668;18021;31,80;38647;68,20;1217;2,15;3,15;37430;66,05;96,85;M;POUSSET;Bernard;UMP;17411;30,72;46,52;M;CHANTEGUET;Jean-Paul;SOC;20019;35,33;53,48;;;;;;;
37;INDRE ET LOIRE;1;1ère circonscription;54537;22712;41,65;31825;58,35;839;1,54;2,64;30986;56,82;97,36;M;DONNEDIEU DE VABRES;Renaud;UMP;15160;27,80;48,93;M;GILLE;Jean-Patrick;SOC;15826;29,02;51,07;;;;;;;
37;INDRE ET LOIRE;2;2ème circonscription;92050;35594;38,67;56456;61,33;1445;1,57;2,56;55011;59,76;97,44;F;GREFF;Claude;UMP;29699;32,26;53,99;F;FORTIER;Mélanie;RDG;25312;27,50;46,01;;;;;;;
37;INDRE ET LOIRE;3;3ème circonscription;92488;33534;36,26;58954;63,74;1777;1,92;3,01;57177;61,82;96,99;M;DESCAMPS;Jean-Jacques;UMP;28463;30,77;49,78;F;TOURAINE;Marisol;SOC;28714;31,05;50,22;;;;;;;
37;INDRE ET LOIRE;4;4ème circonscription;86402;33291;38,53;53111;61,47;1440;1,67;2,71;51671;59,80;97,29;M;NOVELLI;Hervé;UMP;27157;31,43;52,56;M;LE BRETON;Philippe;SOC;24514;28,37;47,44;;;;;;;
37;INDRE ET LOIRE;5;5ème circonscription;78157;30432;38,94;47725;61,06;1184;1,51;2,48;46541;59,55;97,52;M;BRIAND;Philippe;UMP;25770;32,97;55,37;F;ROIRON;Claude;SOC;20771;26,58;44,63;;;;;;;
38;ISERE;1;1ère circonscription;79522;29934;37,64;49588;62,36;3289;4,14;6,63;46299;58,22;93,37;F;FIORASO;Geneviève;SOC;29184;36,70;63,03;M;CARIGNON;Alain;UMP;17115;21,52;36,97;;;;;;;
38;ISERE;2;2ème circonscription;73044;30702;42,03;42342;57,97;951;1,30;2,25;41391;56,67;97,75;F;SAVOUREUX;Christine;UMP;16418;22,48;39,67;M;ISSINDOU;Michel;SOC;24973;34,19;60,33;;;;;;;
38;ISERE;3;3ème circonscription;60329;26916;44,62;33413;55,38;985;1,63;2,95;32428;53,75;97,05;M;DESTOT;Michel;SOC;20088;33,30;61,95;F;BERANGER;Nathalie;UMP;12340;20,45;38,05;;;;;;;
38;ISERE;4;4ème circonscription;85423;33950;39,74;51473;60,26;923;1,08;1,79;50550;59,18;98,21;M;MIGAUD;Didier;SOC;31725;37,14;62,76;M;CASAVECCHIA;Yann;MAJ;18825;22,04;37,24;;;;;;;
38;ISERE;5;5ème circonscription;93080;33510;36,00;59570;64,00;1032;1,11;1,73;58538;62,89;98,27;M;BROTTES;François;SOC;31237;33,56;53,36;M;SAVIN;Michel;UMP;27301;29,33;46,64;;;;;;;
38;ISERE;6;6ème circonscription;106193;49776;46,87;56417;53,13;1416;1,33;2,51;55001;51,79;97,49;F;FINET-GIRARD;Laurence;SOC;22107;20,82;40,19;M;MOYNE BRESSAND;Alain;UMP;32894;30,98;59,81;;;;;;;
38;ISERE;8;8ème circonscription;102619;44171;43,04;58448;56,96;1689;1,65;2,89;56759;55,31;97,11;M;BINET;Erwann;SOC;26385;25,71;46,49;M;REMILLER;Jacques;UMP;30374;29,60;53,51;;;;;;;
38;ISERE;9;9ème circonscription;88996;33342;37,46;55654;62,54;1096;1,23;1,97;54558;61,30;98,03;M;DE SANS NICOLAS;Fabien;UMP;21969;24,69;40,27;M;VALLINI;André;SOC;32589;36,62;59,73;;;;;;;
39;JURA;2;2ème circonscription;55534;29441;53,01;26093;46,99;5264;9,48;20,17;20829;37,51;79,83;M;GARNIER ;Yves;UMP;7208;12,98;34,61;F;DALLOZ;Marie-Christine;UMP;13621;24,53;65,39;;;;;;;
39;JURA;3;3ème circonscription;67876;24285;35,78;43591;64,22;1113;1,64;2,55;42478;62,58;97,45;M;SERMIER;Jean-Marie;UMP;23153;34,11;54,51;M;VIVERGE;Patrick;SOC;19325;28,47;45,49;;;;;;;
40;LANDES;1;1ère circonscription;92984;31211;33,57;61773;66,43;1972;2,12;3,19;59801;64,31;96,81;M;VIDALIES;Alain;SOC;31977;34,39;53,47;F;BERTHELON;Marie-Constance;UMP;27824;29,92;46,53;;;;;;;
40;LANDES;2;2ème circonscription;107678;35209;32,70;72469;67,30;2100;1,95;2,90;70369;65,35;97,10;M;FORTE;Jacques;UMP;31451;29,21;44,69;M;DUFAU;Jean-Pierre;SOC;38918;36,14;55,31;;;;;;;
40;LANDES;3;3ème circonscription;83227;24725;29,71;58502;70,29;1479;1,78;2,53;57023;68,52;97,47;M;EMMANUELLI;Henri;SOC;33522;40,28;58,79;M;TAUZIN;Arnaud;UMP;23501;28,24;41,21;;;;;;;
41;LOIR ET CHER;1;1ère circonscription;90614;35921;39,64;54693;60,36;2178;2,40;3,98;52515;57,95;96,02;M;PERRUCHOT;Nicolas;MAJ;26418;29,15;50,31;F;BARABAN;Geneviève;SOC;26097;28,80;49,69;;;;;;;
41;LOIR ET CHER;2;2ème circonscription;80085;30087;37,57;49998;62,43;1518;1,90;3,04;48480;60,54;96,96;M;LORGEOUX;Jeanny;SOC;21745;27,15;44,85;M;MARTIN-LALANDE;Patrice;UMP;26735;33,38;55,15;;;;;;;
41;LOIR ET CHER;3;3ème circonscription;70851;26426;37,30;44425;62,70;2042;2,88;4,60;42383;59,82;95,40;M;LEROY;Maurice;MAJ;24707;34,87;58,29;F;VIDAL;Marie-Hélène;SOC;17676;24,95;41,71;;;;;;;
42;LOIRE;1;1ère circonscription;68931;31493;45,69;37438;54,31;1143;1,66;3,05;36295;52,65;96,95;M;JUANICO;Régis;SOC;18922;27,45;52,13;F;GROSSETETE;Françoise;UMP;17373;25,20;47,87;;;;;;;
42;LOIRE;2;2ème circonscription;50133;23150;46,18;26983;53,82;694;1,38;2,57;26289;52,44;97,43;M;CABAL;Christian;UMP;12095;24,13;46,01;M;GAGNAIRE;Jean-Louis;SOC;14194;28,31;53,99;;;;;;;
42;LOIRE;3;3ème circonscription;79118;35241;44,54;43877;55,46;1203;1,52;2,74;42674;53,94;97,26;F;FARIGOULE;Christiane;SOC;17485;22,10;40,97;M;ROCHEBLOINE;François;MAJ;25189;31,84;59,03;;;;;;;
42;LOIRE;4;4ème circonscription;69174;29449;42,57;39725;57,43;1181;1,71;2,97;38544;55,72;97,03;M;CHARTRON;Jean-Paul;SOC;18641;26,95;48,36;M;CINIERI;Dino;UMP;19903;28,77;51,64;;;;;;;
42;LOIRE;5;5ème circonscription;69276;26141;37,73;43135;62,27;1050;1,52;2,43;42085;60,75;97,57;F;DEROCHE;Laure;SOC;20761;29,97;49,33;M;NICOLIN;Yves;UMP;21324;30,78;50,67;;;;;;;
42;LOIRE;6;6ème circonscription;69472;30409;43,77;39063;56,23;2045;2,94;5,24;37018;53,28;94,76;M;CLEMENT;Pascal;UMP;22401;32,24;60,51;F;FRULEUX;Dominique;SOC;14617;21,04;39,49;;;;;;;
43;HAUTE LOIRE;2;2ème circonscription;80366;31379;39,05;48987;60,95;3508;4,37;7,16;45479;56,59;92,84;M;PRORIOL;Jean;UMP;24389;30,35;53,63;M;CHAPAVEIRE;André;SOC;21090;26,24;46,37;;;;;;;
44;LOIRE ATLANTIQUE;1;1ère circonscription;72900;27861;38,22;45039;61,78;779;1,07;1,73;44260;60,71;98,27;M;LE RIDANT;Jean-Pierre;UMP;21231;29,12;47,97;M;DE RUGY;François;VEC;23029;31,59;52,03;;;;;;;
44;LOIRE ATLANTIQUE;2;2ème circonscription;82595;33397;40,43;49198;59,57;843;1,02;1,71;48355;58,54;98,29;M;PINTE;François;UMP;21876;26,49;45,24;F;CLERGEAU;Marie-Françoise;SOC;26479;32,06;54,76;;;;;;;
44;LOIRE ATLANTIQUE;3;3ème circonscription;87046;36392;41,81;50654;58,19;1115;1,28;2,20;49539;56,91;97,80;F;JOZAN;Sophie;UMP;16769;19,26;33,85;M;AYRAULT;Jean-Marc;SOC;32770;37,65;66,15;;;;;;;
44;LOIRE ATLANTIQUE;4;4ème circonscription;79657;32168;40,38;47489;59,62;1005;1,26;2,12;46484;58,36;97,88;M;RAIMBOURG;Dominique;SOC;29978;37,63;64,49;F;THEBAUDEAU;Christine;UMP;16506;20,72;35,51;;;;;;;
44;LOIRE ATLANTIQUE;5;5ème circonscription;114928;41067;35,73;73861;64,27;1678;1,46;2,27;72183;62,81;97,73;M;MENARD;Michel;SOC;36891;32,10;51,11;M;DIAT;Robert;UMP;35292;30,71;48,89;;;;;;;
44;LOIRE ATLANTIQUE;6;6ème circonscription;77236;29585;38,30;47651;61,70;1075;1,39;2,26;46576;60,30;97,74;M;HUNAULT;Michel;MAJ;25086;32,48;53,86;M;BIORET;Pascal;SOC;21490;27,82;46,14;;;;;;;
44;LOIRE ATLANTIQUE;7;7ème circonscription;105595;41381;39,19;64214;60,81;1307;1,24;2,04;62907;59,57;97,96;F;L'HONEN;Adeline;SOC;26515;25,11;42,15;M;PRIOU;Christophe;UMP;36392;34,46;57,85;;;;;;;
44;LOIRE ATLANTIQUE;8;8ème circonscription;79109;33613;42,49;45496;57,51;1219;1,54;2,68;44277;55,97;97,32;F;BOUILLE;Marie-Odile;SOC;28471;35,99;64,30;M;ARTHUR;Jean-François;UMP;15806;19,98;35,70;;;;;;;
44;LOIRE ATLANTIQUE;9;9ème circonscription;99467;37779;37,98;61688;62,02;1855;1,86;3,01;59833;60,15;96,99;M;BOENNEC;Philippe;UMP;31712;31,88;53,00;F;RABIN;Monique;SOC;28121;28,27;47,00;;;;;;;
44;LOIRE ATLANTIQUE;10;10ème circonscription;99054;39100;39,47;59954;60,53;1282;1,29;2,14;58672;59,23;97,86;M;POIGNANT;Serge;UMP;33354;33,67;56,85;F;L'HOSTIS;Martine;SOC;25318;25,56;43,15;;;;;;;
45;LOIRET;1;1ère circonscription;82673;33410;40,41;49263;59,59;1249;1,51;2,54;48014;58,08;97,46;F;MIALOT;Marie-Madeleine;SOC;21628;26,16;45,05;M;CARRE;Olivier;UMP;26386;31,92;54,95;;;;;;;
45;LOIRET;2;2ème circonscription;81766;34636;42,36;47130;57,64;1283;1,57;2,72;45847;56,07;97,28;M;GROUARD;Serge;UMP;25054;30,64;54,65;M;CHAILLOU;Christophe;SOC;20793;25,43;45,35;;;;;;;
45;LOIRET;3;3ème circonscription;89953;37603;41,80;52350;58,20;1723;1,92;3,29;50627;56,28;96,71;F;PRAHECQ;Micheline;SOC;22528;25,04;44,50;M;BERNARD;Jean-Louis;UMP;28099;31,24;55,50;;;;;;;
45;LOIRET;5;5ème circonscription;89799;37972;42,29;51827;57,71;1884;2,10;3,64;49943;55,62;96,36;M;CHARIE;Jean-Paul;UMP;29423;32,77;58,91;F;CANETTE;Carole;SOC;20520;22,85;41,09;;;;;;;
46;LOT;1;1ère circonscription;68785;19092;27,76;49693;72,24;1636;2,38;3,29;48057;69,87;96,71;M;ROUMEGOUX;Michel;UMP;21638;31,46;45,03;F;ORLIAC;Dominique;RDG;26419;38,41;54,97;;;;;;;
46;LOT;2;2ème circonscription;64600;19310;29,89;45290;70,11;1458;2,26;3,22;43832;67,85;96,78;M;LAUNAY;Jean;SOC;25985;40,22;59,28;F;MARTIGNAC;Monique;UMP;17847;27,63;40,72;;;;;;;
47;LOT ET GARONNE;1;1ère circonscription;85919;29837;34,73;56082;65,27;2052;2,39;3,66;54030;62,88;96,34;M;DEZALOS;Christian;SOC;25085;29,20;46,43;M;DIONIS DU SEJOUR;Jean;MAJ;28945;33,69;53,57;;;;;;;
47;LOT ET GARONNE;2;2ème circonscription;77561;25740;33,19;51821;66,81;2505;3,23;4,83;49316;63,58;95,17;M;DIEFENBACHER;Michel;UMP;27711;35,73;56,19;M;GOUZES;Gérard;SOC;21605;27,86;43,81;;;;;;;
47;LOT ET GARONNE;3;3ème circonscription;76159;21637;28,41;54522;71,59;1456;1,91;2,67;53066;69,68;97,33;M;BRUGUIERE;Jean-Louis;UMP;25427;33,39;47,92;M;CAHUZAC;Jérôme;SOC;27639;36,29;52,08;;;;;;;
48;LOZERE;1;1ère circonscription;32052;9979;31,13;22073;68,87;761;2,37;3,45;21312;66,49;96,55;M;CHAZAL;Jean-Claude;SOC;9887;30,85;46,39;M;SAINT LEGER;Francis;UMP;11425;35,65;53,61;;;;;;;
49;MAINE ET LOIRE;1;1ère circonscription;79737;33189;41,62;46548;58,38;1377;1,73;2,96;45171;56,65;97,04;M;BELOT;LUC;SOC;20477;25,68;45,33;F;BACHELOT-NARQUIN;Roselyne;UMP;24694;30,97;54,67;;;;;;;
49;MAINE ET LOIRE;2;2ème circonscription;85508;33320;38,97;52188;61,03;1308;1,53;2,51;50880;59,50;97,49;M;GOUA;Marc;SOC;26517;31,01;52,12;M;RICHARD;Dominique;UMP;24363;28,49;47,88;;;;;;;
49;MAINE ET LOIRE;5;5ème circonscription;74423;32614;43,82;41809;56,18;1516;2,04;3,63;40293;54,14;96,37;F;ADRIEN-BIGEON;Laurence;SOC;17609;23,66;43,70;M;BOURDOULEIX;Gilles;UMP;22684;30,48;56,30;;;;;;;
49;MAINE ET LOIRE;6;6ème circonscription;90198;37369;41,43;52829;58,57;2142;2,37;4,05;50687;56,20;95,95;M;BARDY;Serge;SOC;21953;24,34;43,31;M;DE CHARETTE;Hervé;UMP;28734;31,86;56,69;;;;;;;
50;MANCHE;1;1ère circonscription;74468;29295;39,34;45173;60,66;1256;1,69;2,78;43917;58,97;97,22;M;DESCHAMPS;Jean-Karl;SOC;18571;24,94;42,29;M;GOSSELIN;Philippe;UMP;25346;34,04;57,71;;;;;;;
50;MANCHE;2;2ème circonscription;76013;28358;37,31;47655;62,69;3534;4,65;7,42;44121;58,04;92,58;M;BAS;Philippe;UMP;18593;24,46;42,14;M;HUET;Guénhaël;DVD;25528;33,58;57,86;;;;;;;
50;MANCHE;3;3ème circonscription;76800;30948;40,30;45852;59,70;1475;1,92;3,22;44377;57,78;96,78;F;JOURDAIN MENNINGER;Danièle;SOC;17522;22,82;39,48;M;COUSIN;Alain;UMP;26855;34,97;60,52;;;;;;;
50;MANCHE;4;4ème circonscription;73228;29301;40,01;43927;59,99;1694;2,31;3,86;42233;57,67;96,14;M;GATIGNOL;Claude;UMP;23440;32,01;55,50;F;DRUEZ;Yveline;SOC;18793;25,66;44,50;;;;;;;
50;MANCHE;5;5ème circonscription;72116;27541;38,19;44575;61,81;1064;1,48;2,39;43511;60,33;97,61;M;CAZENEUVE;Bernard;SOC;25652;35,57;58,96;M;LEMIERE;Jean;UMP;17859;24,76;41,04;;;;;;;
51;MARNE;1;1ère circonscription;57918;27879;48,14;30039;51,86;1242;2,14;4,13;28797;49,72;95,87;M;QUENARD;Eric;SOC;13328;23,01;46,28;M;DUTREIL;Renaud;UMP;15469;26,71;53,72;;;;;;;
51;MARNE;2;2ème circonscription;67389;30138;44,72;37251;55,28;1220;1,81;3,28;36031;53,47;96,72;F;HAZAN;Adeline;SOC;15520;23,03;43,07;F;VAUTRIN;Catherine;UMP;20511;30,44;56,93;;;;;;;
51;MARNE;3;3ème circonscription;65610;31552;48,09;34058;51,91;1796;2,74;5,27;32262;49,17;94,73;M;THOMAS;Jean-Claude;UMP;17326;26,41;53,70;F;DAHM;Nathalie;SOC;14936;22,76;46,30;;;;;;;
51;MARNE;4;4ème circonscription;61220;28608;46,73;32612;53,27;1184;1,93;3,63;31428;51,34;96,37;M;APPARU;Benoist;UMP;18523;30,26;58,94;M;BERTHIOT;Gérard;SOC;12905;21,08;41,06;;;;;;;
53;MAYENNE;1;1ère circonscription;81702;30710;37,59;50992;62,41;1100;1,35;2,16;49892;61,07;97,84;M;GAROT;Guillaume;SOC;25258;30,91;50,63;M;D'AUBERT;François;UMP;24634;30,15;49,37;;;;;;;
53;MAYENNE;2;2ème circonscription;66988;30198;45,08;36790;54,92;1943;2,90;5,28;34847;52,02;94,72;M;BERNIER;Marc;UMP;18051;26,95;51,80;F;DOINEAU;Elisabeth;UDFD;16796;25,07;48,20;;;;;;;
54;MEURTHE ET MOSELLE;1;1ère circonscription;52930;23139;43,72;29791;56,28;627;1,18;2,10;29164;55,10;97,90;M;HENART;Laurent;UMP;14816;27,99;50,80;M;KLEIN;Mathieu;SOC;14348;27,11;49,20;;;;;;;
54;MEURTHE ET MOSELLE;2;2ème circonscription;78215;31855;40,73;46360;59,27;1086;1,39;2,34;45274;57,88;97,66;M;FERON;Hervé;SOC;22933;29,32;50,65;F;BURCKHART-VANDEVELDE;Patricia;UMP;22341;28,56;49,35;;;;;;;
54;MEURTHE ET MOSELLE;3;3ème circonscription;58299;24897;42,71;33402;57,29;859;1,47;2,57;32543;55,82;97,43;F;ROSSO-DEBORD;Valérie;UMP;16718;28,68;51,37;M;JACQUEMIN;Pascal;SOC;15825;27,14;48,63;;;;;;;
54;MEURTHE ET MOSELLE;4;4ème circonscription;77950;32831;42,12;45119;57,88;1398;1,79;3,10;43721;56,09;96,90;M;LAMBLIN;Jacques;UMP;25291;32,45;57,85;F;DEMONET;Laurence;SOC;18430;23,64;42,15;;;;;;;
54;MEURTHE ET MOSELLE;5;5ème circonscription;75350;29123;38,65;46227;61,35;1280;1,70;2,77;44947;59,65;97,23;F;PILOT;Michèle;SOC;21206;28,14;47,18;F;MORANO;Nadine;UMP;23741;31,51;52,82;;;;;;;
54;MEURTHE ET MOSELLE;6;6ème circonscription;78422;35240;44,94;43182;55,06;1279;1,63;2,96;41903;53,43;97,04;M;GIROUX;Paul;UMP;17341;22,11;41,38;M;LE DEAUT;Jean-Yves;SOC;24562;31,32;58,62;;;;;;;
54;MEURTHE ET MOSELLE;7;7ème circonscription;71293;33717;47,29;37576;52,71;1121;1,57;2,98;36455;51,13;97,02;M;JACQUE;Edouard;UMP;16787;23,55;46,05;M;ECKERT;Christian;SOC;19668;27,59;53,95;;;;;;;
55;MEUSE;1;1ère circonscription;80063;31426;39,25;48637;60,75;1968;2,46;4,05;46669;58,29;95,95;M;VILLEMIN;Thibaut;SOC;21481;26,83;46,03;M;PANCHER;Bertrand;UMP;25188;31,46;53,97;;;;;;;
55;MEUSE;2;2ème circonscription;61649;23848;38,68;37801;61,32;1218;1,98;3,22;36583;59,34;96,78;F;BECQ-VINCI;Claudine;UMP;17222;27,94;47,08;M;DUMONT;Jean-Louis;SOC;19361;31,41;52,92;;;;;;;
56;MORBIHAN;1;1ère circonscription;104521;38341;36,68;66180;63,32;1577;1,51;2,38;64603;61,81;97,62;M;PELLOIS;Hervé;SOC;30429;29,11;47,10;M;GOULARD;François;UMP;34174;32,70;52,90;;;;;;;
56;MORBIHAN;2;2ème circonscription;93219;34374;36,87;58845;63,13;1901;2,04;3,23;56944;61,09;96,77;F;LE MAGUERESSE;Nathalie;SOC;27189;29,17;47,75;M;GRALL;Michel;UMP;29755;31,92;52,25;;;;;;;
56;MORBIHAN;3;3ème circonscription;83348;30011;36,01;53337;63,99;1449;1,74;2,72;51888;62,25;97,28;M;LORGEOUX;Gérard;UMP;27523;33,02;53,04;M;LE ROCH;Jean-Pierre;SOC;24365;29,23;46,96;;;;;;;
56;MORBIHAN;4;4ème circonscription;87242;31498;36,10;55744;63,90;1500;1,72;2,69;54244;62,18;97,31;F;LE MARRE;Béatrice;SOC;26893;30,83;49,58;M;BOUVARD;Loïc;UMP;27351;31,35;50,42;;;;;;;
56;MORBIHAN;5;5ème circonscription;81381;31796;39,07;49585;60,93;1757;2,16;3,54;47828;58,77;96,46;F;COLAS;Maria;UMP;21395;26,29;44,73;F;OLIVIER-COUPEAU;Françoise;SOC;26433;32,48;55,27;;;;;;;
56;MORBIHAN;6;6ème circonscription;87089;29904;34,34;57185;65,66;1346;1,55;2,35;55839;64,12;97,65;M;LE NAY;Jacques;UMP;30528;35,05;54,67;M;BAGEOT;Jean-Pierre;SOC;25311;29,06;45,33;;;;;;;
57;MOSELLE;1;1ère circonscription;74265;35769;48,16;38496;51,84;1194;1,61;3,10;37302;50,23;96,90;M;GROSDIDIER;François;UMP;19547;26,32;52,40;M;TERRIER;Gérard;SOC;17755;23,91;47,60;;;;;;;
57;MOSELLE;2;2ème circonscription;75378;37822;50,18;37556;49,82;1500;1,99;3,99;36056;47,83;96,01;M;JACQUAT;Denis;UMP;20150;26,73;55,89;F;GANSOINAT-RAVAINE;Marie-Thérèse;SOC;15906;21,10;44,11;;;;;;;
57;MOSELLE;6;6ème circonscription;73486;40420;55,00;33066;45,00;1284;1,75;3,88;31782;43,25;96,12;M;LANG;Pierre;UMP;20742;28,23;65,26;M;OBIEGALA;Michel;SOC;11040;15,02;34,74;;;;;;;
57;MOSELLE;8;8ème circonscription;76551;36556;47,75;39995;52,25;1201;1,57;3,00;38794;50,68;97,00;M;MISSOFFE;Alain;UMP;19025;24,85;49,04;F;FILIPPETTI;Aurélie;SOC;19769;25,82;50,96;;;;;;;
57;MOSELLE;9;9ème circonscription;73849;36595;49,55;37254;50,45;1251;1,69;3,36;36003;48,75;96,64;M;MERTZ;Bertrand;SOC;16163;21,89;44,89;M;DEMANGE;Jean-Marie;UMP;19840;26,87;55,11;;;;;;;
57;MOSELLE;10;10ème circonscription;70846;36340;51,29;34506;48,71;860;1,21;2,49;33646;47,49;97,51;F;FERRARI;Christine;UMP;14772;20,85;43,90;M;LIEBGOTT;Michel;SOC;18874;26,64;56,10;;;;;;;
58;NIEVRE;1;1ère circonscription;55622;22511;40,47;33111;59,53;1153;2,07;3,48;31958;57,46;96,52;F;CARRILLON COUVREUR;Martine;SOC;17919;32,22;56,07;M;ROSTEIN;Daniel;UMP;14039;25,24;43,93;;;;;;;
58;NIEVRE;2;2ème circonscription;60615;22687;37,43;37928;62,57;1158;1,91;3,05;36770;60,66;96,95;M;GORCE;Gaëtan;SOC;21219;35,01;57,71;F;LEGRAIN;Annie;UMP;15551;25,66;42,29;;;;;;;
58;NIEVRE;3;3ème circonscription;53502;18306;34,22;35196;65,78;986;1,84;2,80;34210;63,94;97,20;M;PAUL;Christian;SOC;19660;36,75;57,47;F;FREYTAG;Brigitte;UMP;14550;27,20;42,53;;;;;;;
59;NORD;1;1ère circonscription;58780;29028;49,38;29752;50,62;973;1,66;3,27;28779;48,96;96,73;M;ROMAN;Bernard;SOC;17772;30,23;61,75;F;SELLALI;Khalida;UMP;11007;18,73;38,25;;;;;;;
59;NORD;2;2ème circonscription;73201;32080;43,82;41121;56,18;1614;2,20;3,93;39507;53,97;96,07;M;DEROSIER;Bernard;SOC;23180;31,67;58,67;F;VANNIER;Caroline;UMP;16327;22,30;41,33;;;;;;;
59;NORD;3;3ème circonscription;64299;29809;46,36;34490;53,64;1132;1,76;3,28;33358;51,88;96,72;M;DECOCQ;Christian;UMP;16479;25,63;49,40;M;CACHEUX;Alain;SOC;16879;26,25;50,60;;;;;;;
59;NORD;4;4ème circonscription;72843;32097;44,06;40746;55,94;1383;1,90;3,39;39363;54,04;96,61;M;DAUBRESSE;Marc-Philippe;UMP;23115;31,73;58,72;F;FILLEUL;Martine;SOC;16248;22,31;41,28;;;;;;;
59;NORD;5;5ème circonscription;87980;36506;41,49;51474;58,51;1430;1,63;2,78;50044;56,88;97,22;M;HUYGHE;Sébastien;UMP;25387;28,86;50,73;F;PARAT;Brigitte;SOC;24657;28,03;49,27;;;;;;;
59;NORD;6;6ème circonscription;81029;29295;36,15;51734;63,85;1626;2,01;3,14;50108;61,84;96,86;M;BAILLY;Dominique;SOC;21745;26,84;43,40;M;LAZARO;Thierry;UMP;28363;35,00;56,60;;;;;;;
59;NORD;7;7ème circonscription;71032;34244;48,21;36788;51,79;1284;1,81;3,49;35504;49,98;96,51;F;BULLAERT;Fanny;SOC;17660;24,86;49,74;M;VERCAMER;Francis;MAJ;17844;25,12;50,26;;;;;;;
59;NORD;8;8ème circonscription;71976;36760;51,07;35216;48,93;1146;1,59;3,25;34070;47,34;96,75;M;BAERT;Dominique;SOC;19373;26,92;56,86;M;KACET;Salem;UMP;14697;20,42;43,14;;;;;;;
59;NORD;10;10ème circonscription;78409;39460;50,33;38949;49,67;1862;2,37;4,78;37087;47,30;95,22;M;VANNESTE;Christian;DVD;21720;27,70;58,56;F;AZMY;Najat;SOC;15367;19,60;41,44;;;;;;;
59;NORD;11;11ème circonscription;86870;34430;39,63;52440;60,37;1580;1,82;3,01;50860;58,55;96,99;M;DURAND;Yves;SOC;26588;30,61;52,28;M;WAYMEL;Philippe;UMP;24272;27,94;47,72;;;;;;;
59;NORD;12;12ème circonscription;70349;31793;45,19;38556;54,81;1889;2,69;4,90;36667;52,12;95,10;M;HUTIN;Christian;DVG;23448;33,33;63,95;F;GABANT;Jacqueline;UMP;13219;18,79;36,05;;;;;;;
59;NORD;13;13ème circonscription;65044;21616;33,23;43428;66,77;1378;2,12;3,17;42050;64,65;96,83;M;DELEBARRE;Michel;SOC;22338;34,34;53,12;M;DHERSIN;Franck;UMP;19712;30,31;46,88;;;;;;;
59;NORD;15;15ème circonscription;74138;30242;40,79;43896;59,21;2055;2,77;4,68;41841;56,44;95,32;F;POLNECQ;Françoise;SOC;20136;27,16;48,13;F;HOSTALIER;Françoise;UMP;21705;29,28;51,87;;;;;;;
59;NORD;16;16ème circonscription;81256;34515;42,48;46741;57,52;2007;2,47;4,29;44734;55,05;95,71;M;CANDELIER;Jean-Jacques;COM;29565;36,39;66,09;F;DERAIN;Michelle;UMP;15169;18,67;33,91;;;;;;;
59;NORD;17;17ème circonscription;75022;31719;42,28;43303;57,72;1710;2,28;3,95;41593;55,44;96,05;F;PROUVOST;Françoise;UMP;15746;20,99;37,86;M;DOLEZ;Marc;SOC;25847;34,45;62,14;;;;;;;
59;NORD;18;18ème circonscription;79467;31722;39,92;47745;60,08;1585;1,99;3,32;46160;58,09;96,68;F;DOUAY;Brigitte;SOC;19641;24,72;42,55;M;VILLAIN;François-Xavier;UMP;26519;33,37;57,45;;;;;;;
59;NORD;19;19ème circonscription;80242;49990;62,30;30252;37,70;7382;9,20;24,40;22870;28,50;75,60;M;ROY;Patrick;SOC;22870;28,50;100,00;;;;;;;;;;;;;;
59;NORD;20;20ème circonscription;82714;38321;46,33;44393;53,67;1120;1,35;2,52;43273;52,32;97,48;M;BOCQUET;Alain;COM;29933;36,19;69,17;F;GARCIA;Marie-Thérèse;UMP;13340;16,13;30,83;;;;;;;
59;NORD;22;22ème circonscription;75038;27085;36,10;47953;63,90;1557;2,07;3,25;46396;61,83;96,75;M;BATAILLE;Christian;SOC;24487;32,63;52,78;F;LESNE;Marie-Sophie;UMP;21909;29,20;47,22;;;;;;;
59;NORD;23;23ème circonscription;66367;27748;41,81;38619;58,19;1367;2,06;3,54;37252;56,13;96,46;M;PAUVROS;Rémi;SOC;18346;27,64;49,25;F;MARIN;Christine;UMP;18906;28,49;50,75;;;;;;;
59;NORD;24;24ème circonscription;65008;26279;40,42;38729;59,58;1257;1,93;3,25;37472;57,64;96,75;M;PERAT;Jean-Luc;SOC;19918;30,64;53,15;M;POYART;Alain;UMP;17554;27,00;46,85;;;;;;;
60;OISE;1;1ère circonscription;79334;30725;38,73;48609;61,27;1732;2,18;3,56;46877;59,09;96,44;M;DASSAULT;Olivier;UMP;27473;34,63;58,61;M;ROME;Yves;SOC;19404;24,46;41,39;;;;;;;
60;OISE;2;2ème circonscription;83956;34835;41,49;49121;58,51;3197;3,81;6,51;45924;54,70;93,49;F;HOUSSIN;Sylvie;SOC;21690;25,83;47,23;M;MANCEL;Jean-François;UMP;24234;28,87;52,77;;;;;;;
60;OISE;3;3ème circonscription;69812;30977;44,37;38835;55,63;1051;1,51;2,71;37784;54,12;97,29;F;BREMARD;Cécile;UMP;17596;25,20;46,57;M;FRANCAIX;Michel;SOC;20188;28,92;53,43;;;;;;;
60;OISE;6;6ème circonscription;73684;29624;40,20;44060;59,80;1794;2,43;4,07;42266;57,36;95,93;M;CARVALHO;Patrice;COM;19437;26,38;45,99;M;GONNOT;François-Michel;UMP;22829;30,98;54,01;;;;;;;
61;ORNE;1;1ère circonscription;72494;28679;39,56;43815;60,44;1208;1,67;2,76;42607;58,77;97,24;M;PUEYO;Joaquim;DVG;20103;27,73;47,18;M;DENIAUD;Yves;UMP;22504;31,04;52,82;;;;;;;
62;PAS DE CALAIS;1;1ère circonscription;79842;27305;34,20;52537;65,80;1857;2,33;3,53;50680;63,48;96,47;F;MAQUET;Jacqueline;SOC;26398;33,06;52,09;M;RAPENEAU;Philippe;UMP;24282;30,41;47,91;;;;;;;
62;PAS DE CALAIS;2;2ème circonscription;76518;25730;33,63;50788;66,37;1538;2,01;3,03;49250;64,36;96,97;F;GENISSON;Catherine;SOC;27635;36,12;56,11;M;ZIOLKOWSKI;Michel;UMP;21615;28,25;43,89;;;;;;;
62;PAS DE CALAIS;3;3ème circonscription;75375;21363;28,34;54012;71,66;1455;1,93;2,69;52557;69,73;97,31;M;LEROY;Jean-Claude;SOC;30004;39,81;57,09;F;MAGNIER;Hélène;UMP;22553;29,92;42,91;;;;;;;
62;PAS DE CALAIS;4;4ème circonscription;78965;28343;35,89;50622;64,11;1449;1,83;2,86;49173;62,27;97,14;M;FASQUELLE;Daniel;UMP;26498;33,56;53,89;M;LENA;Vincent;SOC;22675;28,72;46,11;;;;;;;
62;PAS DE CALAIS;5;5ème circonscription;64862;25663;39,57;39199;60,43;1618;2,49;4,13;37581;57,94;95,87;M;CUVILLIER;Frédéric;SOC;23315;35,95;62,04;F;VALLA;Annick;UMP;14266;21,99;37,96;;;;;;;
62;PAS DE CALAIS;6;6ème circonscription;73693;28617;38,83;45076;61,17;1508;2,05;3,35;43568;59,12;96,65;M;WACHEUX;Frédéric;UMP;19729;26,77;45,28;M;LANG;Jack;SOC;23839;32,35;54,72;;;;;;;
62;PAS DE CALAIS;7;7ème circonscription;85824;36651;42,70;49173;57,30;1860;2,17;3,78;47313;55,13;96,22;F;BOUCHART;Natacha;UMP;23319;27,17;49,29;M;COCQUEMPOT;Gilles;SOC;23994;27,96;50,71;;;;;;;
62;PAS DE CALAIS;9;9ème circonscription;80924;27947;34,53;52977;65,47;3056;3,78;5,77;49921;61,69;94,23;M;FLAJOLET;André;UMP;25841;31,93;51,76;M;MELLICK;Jacques;SOC;24080;29,76;48,24;;;;;;;
62;PAS DE CALAIS;10;10ème circonscription;72399;32824;45,34;39575;54,66;2024;2,80;5,11;37551;51,87;94,89;M;JANQUIN;Serge;SOC;25496;35,22;67,90;F;MOREL;Isabelle;UMP;12055;16,65;32,10;;;;;;;
62;PAS DE CALAIS;11;11ème circonscription;96647;41328;42,76;55319;57,24;2459;2,54;4,45;52860;54,69;95,55;F;WONTERGHEM;Myriam;UMP;20265;20,97;38,34;F;DURIEZ;Odette;SOC;32595;33,73;61,66;;;;;;;
62;PAS DE CALAIS;12;12ème circonscription;78977;36869;46,68;42108;53,32;2124;2,69;5,04;39984;50,63;94,96;M;KUCHEIDA;Jean-Pierre;SOC;27866;35,28;69,69;F;DUQUESNE;Jeanine;UMP;12118;15,34;30,31;;;;;;;
62;PAS DE CALAIS;13;13ème circonscription;72398;33587;46,39;38811;53,61;2100;2,90;5,41;36711;50,71;94,59;M;DELCOURT;Guy;SOC;23574;32,56;64,22;F;PERMUY;Béatrice;UMP;13137;18,15;35,78;;;;;;;
62;PAS DE CALAIS;14;14ème circonscription;75658;31940;42,22;43718;57,78;2646;3,50;6,05;41072;54,29;93,95;F;LE PEN;Marine;FN;17107;22,61;41,65;M;FACON;Albert;SOC;23965;31,68;58,35;;;;;;;
63;PUY DE DOME;1;1ère circonscription;61592;27174;44,12;34418;55,88;1026;1,67;2,98;33392;54,21;97,02;F;COURTILLE;Anne;UMP;12939;21,01;38,75;F;SAUGUES;Odile;SOC;20453;33,21;61,25;;;;;;;
63;PUY DE DOME;2;2ème circonscription;76654;29575;38,58;47079;61,42;1334;1,74;2,83;45745;59,68;97,17;M;NERI;Alain;SOC;28286;36,90;61,83;M;SUSS;Paul;UMP;17459;22,78;38,17;;;;;;;
63;PUY DE DOME;3;3ème circonscription;74696;28333;37,93;46363;62,07;1550;2,08;3,34;44813;59,99;96,66;F;LACOMBE;Mireille;SOC;21023;28,14;46,91;M;GISCARD D'ESTAING;Louis;UMP;23790;31,85;53,09;;;;;;;
63;PUY DE DOME;4;4ème circonscription;77666;27565;35,49;50101;64,51;1330;1,71;2,65;48771;62,80;97,35;M;BACQUET;Jean-Paul;SOC;29965;38,58;61,44;M;SERRE;Christophe;UMP;18806;24,21;38,56;;;;;;;
63;PUY DE DOME;5;5ème circonscription;66366;23052;34,73;43314;65,27;1102;1,66;2,54;42212;63,60;97,46;F;DELANNOY;Anne-Marie;UMP;14393;21,69;34,10;M;CHASSAIGNE;André;COM;27819;41,92;65,90;;;;;;;
63;PUY DE DOME;6;6ème circonscription;88363;28977;32,79;59386;67,21;2212;2,50;3,72;57174;64,70;96,28;M;MICHEL;Jean;SOC;31011;35,10;54,24;F;SIKORA;Marie-Thérèse;UMP;26163;29,61;45,76;;;;;;;
64;PYRENEES ATLANTIQUES;1;1ère circonscription;68348;24182;35,38;44166;64,62;1425;2,08;3,23;42741;62,53;96,77;F;LIGNIERES-CASSOU;Martine;SOC;23729;34,72;55,52;M;LAYRE;Bernard;UMP;19012;27,82;44,48;;;;;;;
64;PYRENEES ATLANTIQUES;2;2ème circonscription;74311;27687;37,26;46624;62,74;4674;6,29;10,02;41950;56,45;89,98;F;CABANNE;Marie-Pierre;SOC;16273;21,90;38,79;M;BAYROU;François;UDFD;25677;34,55;61,21;;;;;;;
64;PYRENEES ATLANTIQUES;3;3ème circonscription;80211;26306;32,80;53905;67,20;1977;2,46;3,67;51928;64,74;96,33;M;HABIB;David;SOC;32457;40,46;62,50;F;SAILLIET;Laurence;UMP;19471;24,27;37,50;;;;;;;
64;PYRENEES ATLANTIQUES;4;4ème circonscription;80289;22528;28,06;57761;71,94;1304;1,62;2,26;56457;70,32;97,74;M;LUCBEREILH;Hervé;UMP;18997;23,66;33,65;M;DOMECQ;Jean-Pierre;SOC;14657;18,26;25,96;M;LASSALLE;Jean;UDFD;22803;28,40;40,39
64;PYRENEES ATLANTIQUES;5;5ème circonscription;82914;33633;40,56;49281;59,44;1978;2,39;4,01;47303;57,05;95,99;M;GRENET;Jean;UMP;25037;30,20;52,93;M;ESPILONDO;Jean;SOC;22266;26,85;47,07;;;;;;;
64;PYRENEES ATLANTIQUES;6;6ème circonscription;91778;37490;40,85;54288;59,15;2102;2,29;3,87;52186;56,86;96,13;F;ALAUX;Sylviane;SOC;21726;23,67;41,63;F;ALLIOT-MARIE;Michèle;UMP;30460;33,19;58,37;;;;;;;
65;HAUTES PYRENEES;1;1ère circonscription;60111;21090;35,09;39021;64,91;2051;3,41;5,26;36970;61,50;94,74;M;FORGUES;Pierre;SOC;22465;37,37;60,77;F;LAMON;Monique;UMP;14505;24,13;39,23;;;;;;;
65;HAUTES PYRENEES;2;2ème circonscription;63204;20085;31,78;43119;68,22;1290;2,04;2,99;41829;66,18;97,01;F;ROBIN-RODRIGO;Chantal;RDG;23075;36,51;55,17;M;TREMEGE;Gérard;UMP;18754;29,67;44,83;;;;;;;
65;HAUTES PYRENEES;3;3ème circonscription;53430;19353;36,22;34077;63,78;1346;2,52;3,95;32731;61,26;96,05;M;GLAVANY;Jean;SOC;20100;37,62;61,41;F;RABAUD-CARRIE;Christine;UMP;12631;23,64;38,59;;;;;;;
66;PYRENEES ORIENTALES;1;1ère circonscription;66218;27285;41,20;38933;58,80;1356;2,05;3,48;37577;56,75;96,52;M;MACH;Daniel;UMP;21410;32,33;56,98;M;VILA;JEAN;COM;16167;24,41;43,02;;;;;;;
66;PYRENEES ORIENTALES;2;2ème circonscription;96745;37751;39,02;58994;60,98;2742;2,83;4,65;56252;58,14;95,35;F;SOUM;RENEE;SOC;22622;23,38;40,22;F;FRANCO;Arlette;UMP;33630;34,76;59,78;;;;;;;
66;PYRENEES ORIENTALES;3;3ème circonscription;65988;23835;36,12;42153;63,88;1951;2,96;4,63;40202;60,92;95,37;M;CALVET;François;UMP;20881;31,64;51,94;M;BOURQUIN;Christian;SOC;19321;29,28;48,06;;;;;;;
66;PYRENEES ORIENTALES;4;4ème circonscription;87370;29110;33,32;58260;66,68;2400;2,75;4,12;55860;63,93;95,88;F;IRLES;JACQUELINE;UMP;28070;32,13;50,25;M;AYLAGAS;Pierre;DVG;27790;31,81;49,75;;;;;;;
67;BAS RHIN;1;1ère circonscription;52672;23708;45,01;28964;54,99;542;1,03;1,87;28422;53,96;98,13;M;JUNG;Armand;SOC;15994;30,37;56,27;F;LOUTREL;Frédérique;UMP;12428;23,60;43,73;;;;;;;
67;BAS RHIN;2;2ème circonscription;51496;25170;48,88;26326;51,12;585;1,14;2,22;25741;49,99;97,78;M;BIES;Philippe;SOC;12530;24,33;48,68;M;MAURER;Jean-Philippe;UMP;13211;25,65;51,32;;;;;;;
67;BAS RHIN;3;3ème circonscription;66888;34683;51,85;32205;48,15;767;1,15;2,38;31438;47,00;97,62;M;SCHNEIDER;André;UMP;18154;27,14;57,75;F;NAÏLI;Zoubida;SOC;13284;19,86;42,25;;;;;;;
68;HAUT RHIN;1;1ère circonscription;71935;32818;45,62;39117;54,38;2327;3,23;5,95;36790;51,14;94,05;M;MEYER;Gilbert;UMP;12492;17,37;33,95;M;STRAUMANN;Eric;DVD;24298;33,78;66,05;;;;;;;
68;HAUT RHIN;5;5ème circonscription;54524;26906;49,35;27618;50,65;1000;1,83;3,62;26618;48,82;96,38;M;FREYBURGER;Pierre;SOC;11641;21,35;43,73;F;GROSSKOST;Arlette;UMP;14977;27,47;56,27;;;;;;;
69;RHONE;1;1ère circonscription;63766;28462;44,64;35304;55,36;867;1,36;2,46;34437;54,01;97,54;M;BRAILLARD;Thierry;RDG;16687;26,17;48,46;M;HAVARD;Michel ;UMP;17750;27,84;51,54;;;;;;;
69;RHONE;2;2ème circonscription;71688;29552;41,22;42136;58,78;768;1,07;1,82;41368;57,71;98,18;M;MUET;Pierre-Alain;SOC;21310;29,73;51,51;M;HAMELIN;Emmanuel;UMP;20058;27,98;48,49;;;;;;;
69;RHONE;3;3ème circonscription;67334;29126;43,26;38208;56,74;832;1,24;2,18;37376;55,51;97,82;M;DUBERNARD;Jean-Michel;UMP;18186;27,01;48,66;M;TOURAINE;Jean-Louis;SOC;19190;28,50;51,34;;;;;;;
69;RHONE;4;4ème circonscription;75058;31905;42,51;43153;57,49;1226;1,63;2,84;41927;55,86;97,16;M;PERBEN;Dominique;UMP;23717;31,60;56,57;F;VALLAUD-BELKACEM;Najat;SOC;18210;24,26;43,43;;;;;;;
69;RHONE;6;6ème circonscription;74406;33231;44,66;41175;55,34;1051;1,41;2,55;40124;53,93;97,45;M;CHABERT;Henry;UMP;18532;24,91;46,19;F;CROZON;Pascale;SOC;21592;29,02;53,81;;;;;;;
69;RHONE;7;7ème circonscription;60697;28308;46,64;32389;53,36;651;1,07;2,01;31738;52,29;97,99;M;DEBIOL;Jean-François;UMP;15147;24,96;47,73;M;QUEYRANNE;Jean-Jack;SOC;16591;27,33;52,27;;;;;;;
69;RHONE;10;10ème circonscription;89802;37527;41,79;52275;58,21;1466;1,63;2,80;50809;56,58;97,20;M;GUILLOTEAU;Christophe;UMP;32514;36,21;63,99;F;PERRIN;Florence;SOC;18295;20,37;36,01;;;;;;;
69;RHONE;11;11ème circonscription;80136;33208;41,44;46928;58,56;1220;1,52;2,60;45708;57,04;97,40;M;FENECH;Georges;UMP;25843;32,25;56,54;M;GAGNEUR;Jean-François;SOC;19865;24,79;43,46;;;;;;;
69;RHONE;12;12ème circonscription;74049;31488;42,52;42561;57,48;891;1,20;2,09;41670;56,27;97,91;M;POMMATEAU;Gilles;SOC;17090;23,08;41,01;M;TERROT;Michel;UMP;24580;33,19;58,99;;;;;;;
69;RHONE;13;13ème circonscription;91374;40083;43,87;51291;56,13;1040;1,14;2,03;50251;54,99;97,97;F;DAVID;Martine;SOC;21522;23,55;42,83;M;MEUNIER;Philippe;UMP;28729;31,44;57,17;;;;;;;
69;RHONE;14;14ème circonscription;50332;24274;48,23;26058;51,77;853;1,69;3,27;25205;50,08;96,73;M;DENIS;Michel;UMP;11631;23,11;46,15;M;GERIN;André;COM;13574;26,97;53,85;;;;;;;
70;HAUTE SAONE;2;2ème circonscription;64111;22055;34,40;42056;65,60;1763;2,75;4,19;40293;62,85;95,81;F;BRIOT;Maryvonne;UMP;19498;30,41;48,39;M;VILLAUMÉ;Jean-Michel;SOC;20795;32,44;51,61;;;;;;;
71;SAONE ET LOIRE;1;1ère circonscription;67431;27854;41,31;39577;58,69;1091;1,62;2,76;38486;57,07;97,24;F;ESCHMANN;Nicole;SOC;17106;25,37;44,45;M;VOISIN;Gérard;UMP;21380;31,71;55,55;;;;;;;
71;SAONE ET LOIRE;2;2ème circonscription;64527;23061;35,74;41466;64,26;1017;1,58;2,45;40449;62,69;97,55;M;NESME;Jean-Marc;UMP;20262;31,40;50,09;M;REBILLARD;Jacques;RDG;20187;31,28;49,91;;;;;;;
71;SAONE ET LOIRE;3;3ème circonscription;66692;24142;36,20;42550;63,80;1311;1,97;3,08;41239;61,84;96,92;F;COUILLEROT;Evelyne;SOC;20006;30,00;48,51;M;ANCIAUX;Jean-Paul;UMP;21233;31,84;51,49;;;;;;;
71;SAONE ET LOIRE;4;4ème circonscription;61842;20613;33,33;41229;66,67;965;1,56;2,34;40264;65,11;97,66;F;JARROT;Marie-Claude;UMP;19635;31,75;48,77;M;MATHUS;Didier;SOC;20629;33,36;51,23;;;;;;;
71;SAONE ET LOIRE;5;5ème circonscription;64589;24861;38,49;39728;61,51;984;1,52;2,48;38744;59,99;97,52;M;JUILLOT;Dominique;UMP;19256;29,81;49,70;M;SIRUGUE;Christophe;SOC;19488;30,17;50,30;;;;;;;
71;SAONE ET LOIRE;6;6ème circonscription;85141;25627;30,10;59514;69,90;1188;1,40;2,00;58326;68,51;98,00;M;DANJEAN;Arnaud;UMP;28965;34,02;49,66;M;MONTEBOURG;Arnaud;SOC;29361;34,49;50,34;;;;;;;
72;SARTHE;1;1ère circonscription;71449;31044;43,45;40405;56,55;1221;1,71;3,02;39184;54,84;96,98;F;LABRETTE-MENAGER;Fabienne;UMP;22158;31,01;56,55;F;DUBOIS;Françoise;SOC;17026;23,83;43,45;;;;;;;
72;SARTHE;2;2ème circonscription;82209;36250;44,09;45959;55,91;1222;1,49;2,66;44737;54,42;97,34;M;GEVEAUX;Jean-Marie;UMP;21261;25,86;47,52;F;KARAMANLI;Marietta;SOC;23476;28,56;52,48;;;;;;;
72;SARTHE;3;3ème circonscription;84015;34370;40,91;49645;59,09;1431;1,70;2,88;48214;57,39;97,12;F;PAVY;Béatrice;UMP;26595;31,66;55,16;F;LORILLEUX;Agnès;SOC;21619;25,73;44,84;;;;;;;
72;SARTHE;5;5ème circonscription;86793;35104;40,45;51689;59,55;1329;1,53;2,57;50360;58,02;97,43;M;LE MENER;Dominique;UMP;27754;31,98;55,11;M;ROUILLON;Christophe;SOC;22606;26,05;44,89;;;;;;;
73;SAVOIE;3;3ème circonscription;95792;40489;42,27;55303;57,73;1273;1,33;2,30;54030;56,40;97,70;M;BOUVARD;Michel;UMP;29483;30,78;54,57;F;LACLAIS;Bernadette;SOC;24547;25,63;45,43;;;;;;;
74;HAUTE SAVOIE;2;2ème circonscription;86636;45150;52,11;41486;47,89;4673;5,39;11,26;36813;42,49;88,74;M;TARDY;Lionel;DVD;20434;23,59;55,51;M;BOSSON;Bernard;MAJ;16379;18,91;44,49;;;;;;;
74;HAUTE SAVOIE;5;5ème circonscription;106706;52647;49,34;54059;50,66;1830;1,71;3,39;52229;48,95;96,61;M;FRANCINA;Marc;UMP;33210;31,12;63,59;F;VERGUET;Clotilde;SOC;19019;17,82;36,41;;;;;;;
75;PARIS;1;1ère circonscription;63045;25228;40,02;37817;59,98;723;1,15;1,91;37094;58,84;98,09;F;BILLARD;Martine;VEC;20125;31,92;54,25;M;LEGARET;Jean-François;UMP;16969;26,92;45,75;;;;;;;
75;PARIS;2;2ème circonscription;53581;20172;37,65;33409;62,35;1356;2,53;4,06;32053;59,82;95,94;F;COHEN-SOLAL;Lyne;SOC;15173;28,32;47,34;M;TIBERI;Jean;UMP;16880;31,50;52,66;;;;;;;
75;PARIS;5;5ème circonscription;49766;21491;43,18;28275;56,82;752;1,51;2,66;27523;55,30;97,34;F;ASMANI;Lynda;UMP;10132;20,36;36,81;M;DREYFUS;Tony;SOC;17391;34,95;63,19;;;;;;;
75;PARIS;6;6ème circonscription;66026;27854;42,19;38172;57,81;889;1,35;2,33;37283;56,47;97,67;F;HOFFMAN-RISPAL;Danièle;SOC;25770;39,03;69,12;M;BEAUJOUR;Jean-Claude;UMP;11513;17,44;30,88;;;;;;;
75;PARIS;7;7ème circonscription;63796;25137;39,40;38659;60,60;800;1,25;2,07;37859;59,34;97,93;M;BLOCHE;Patrick;SOC;23639;37,05;62,44;F;TISSOT;Claude-Annick;UMP;14220;22,29;37,56;;;;;;;
75;PARIS;8;8ème circonscription;70824;25244;35,64;45580;64,36;1209;1,71;2,65;44371;62,65;97,35;F;MAZETIER;Sandrine;SOC;24783;34,99;55,85;M;KLARSFELD;Arno;UMP;19588;27,66;44,15;;;;;;;
75;PARIS;9;9ème circonscription;61837;25633;41,45;36204;58,55;873;1,41;2,41;35331;57,14;97,59;M;TREMEGE;Patrick;UMP;13223;21,38;37,43;M;LE GUEN;Jean-Marie;SOC;22108;35,75;62,57;;;;;;;
75;PARIS;10;10ème circonscription;65236;23453;35,95;41783;64,05;781;1,20;1,87;41002;62,85;98,13;F;VASSEUR;Véronique;UMP;17490;26,81;42,66;M;BLISKO;Serge;SOC;23512;36,04;57,34;;;;;;;
75;PARIS;11;11ème circonscription;59985;22089;36,82;37896;63,18;795;1,33;2,10;37101;61,85;97,90;M;COCHET;Yves;VEC;21210;35,36;57,17;F;GUEDJ;Nicole;UMP;15891;26,49;42,83;;;;;;;
75;PARIS;12;12ème circonscription;67807;28741;42,39;39066;57,61;989;1,46;2,53;38077;56,15;97,47;M;GOUJON;Philippe;UMP;23907;35,26;62,79;M;DARGENT;Claude;SOC;14170;20,90;37,21;;;;;;;
75;PARIS;13;13ème circonscription;70847;28137;39,72;42710;60,28;934;1,32;2,19;41776;58,97;97,81;M;LAMOUR;Jean-François;UMP;23705;33,46;56,74;F;HIDALGO;Anne;SOC;18071;25,51;43,26;;;;;;;
75;PARIS;17;17ème circonscription;56422;23898;42,36;32524;57,64;617;1,09;1,90;31907;56,55;98,10;F;LEPETIT;Annick;SOC;17944;31,80;56,24;F;KUSTER;Brigitte;UMP;13963;24,75;43,76;;;;;;;
75;PARIS;18;18ème circonscription;55832;23662;42,38;32170;57,62;735;1,32;2,28;31435;56,30;97,72;M;CARESCHE;Christophe;SOC;19895;35,63;63,29;F;BOUGRAB;Jeannette;UMP;11540;20,67;36,71;;;;;;;
75;PARIS;19;19ème circonscription;48135;22435;46,61;25700;53,39;677;1,41;2,63;25023;51,99;97,37;M;VAILLANT;Daniel;SOC;15778;32,78;63,05;F;DECORTE;Roxane;UMP;9245;19,21;36,95;;;;;;;
75;PARIS;20;20ème circonscription;65984;29527;44,75;36457;55,25;1091;1,65;2,99;35366;53,60;97,01;M;CAMBADELIS;Jean-Christophe;SOC;20897;31,67;59,09;M;GIANNESINI;Jean-Jacques;UMP;14469;21,93;40,91;;;;;;;
75;PARIS;21;21ème circonscription;75326;32237;42,80;43089;57,20;990;1,31;2,30;42099;55,89;97,70;M;DELAMARE;Raoul;UMP;15701;20,84;37,30;F;PAU-LANGEVIN;George;SOC;26398;35,05;62,70;;;;;;;
76;SEINE MARITIME;1;1ère circonscription;61131;25398;41,55;35733;58,45;763;1,25;2,14;34970;57,21;97,86;F;FOURNEYRON;Valérie;SOC;19289;31,55;55,16;M;DEVAUX;Bruno;UMP;15681;25,65;44,84;;;;;;;
76;SEINE MARITIME;2;2ème circonscription;87826;33008;37,58;54818;62,42;1513;1,72;2,76;53305;60,69;97,24;M;ZIMERAY;François;SOC;25994;29,60;48,76;F;GUÉGOT;Françoise;UMP;27311;31,10;51,24;;;;;;;
76;SEINE MARITIME;3;3ème circonscription;56934;24863;43,67;32071;56,33;1195;2,10;3,73;30876;54,23;96,27;M;BOURGUIGNON;Pierre;SOC;20669;36,30;66,94;F;TAFFOREAU;Catherine;UMP;10207;17,93;33,06;;;;;;;
76;SEINE MARITIME;4;4ème circonscription;72431;30355;41,91;42076;58,09;1304;1,80;3,10;40772;56,29;96,90;M;FABIUS;Laurent;SOC;27536;38,02;67,54;F;ROUX;Marie-Hélène;UMP;13236;18,27;32,46;;;;;;;
76;SEINE MARITIME;5;5ème circonscription;89066;34287;38,50;54779;61,50;1172;1,32;2,14;53607;60,19;97,86;M;BOUILLON;Christophe;SOC;32196;36,15;60,06;F;POUSSIER;Marie-Agnès;UMP;21411;24,04;39,94;;;;;;;
76;SEINE MARITIME;6;6ème circonscription;79322;33413;42,12;45909;57,88;1277;1,61;2,78;44632;56,27;97,22;M;LECOQ;Jean-Paul;COM;22813;28,76;51,11;M;MERVILLE;Denis;UMP;21819;27,51;48,89;;;;;;;
76;SEINE MARITIME;7;7ème circonscription;59165;25894;43,77;33271;56,23;1078;1,82;3,24;32193;54,41;96,76;M;BESSELAT;Jean-Yves;UMP;18154;30,68;56,39;M;LOGIOU;Laurent;SOC;14039;23,73;43,61;;;;;;;
76;SEINE MARITIME;8;8ème circonscription;52300;26199;50,09;26101;49,91;989;1,89;3,79;25112;48,02;96,21;F;CAHIERRE;Agathe;UMP;10689;20,44;42,57;M;PAUL;Daniel;COM;14423;27,58;57,43;;;;;;;
76;SEINE MARITIME;9;9ème circonscription;85480;31862;37,27;53618;62,73;1399;1,64;2,61;52219;61,09;97,39;M;FIDELIN;Daniel;UMP;27758;32,47;53,16;F;GRELIER;Estelle;SOC;24461;28,62;46,84;;;;;;;
76;SEINE MARITIME;10;10ème circonscription;84826;29922;35,27;54904;64,73;1316;1,55;2,40;53588;63,17;97,60;M;TRASSY-PAILLOGUES;Alfred;UMP;29554;34,84;55,15;F;CHAUVEL;Dominique;SOC;24034;28,33;44,85;;;;;;;
76;SEINE MARITIME;11;11ème circonscription;75595;26340;34,84;49255;65,16;1192;1,58;2,42;48063;63,58;97,58;M;BAZIN;Jean;UMP;22976;30,39;47,80;F;HUREL;Sandrine;SOC;25087;33,19;52,20;;;;;;;
77;SEINE ET MARNE;1;1ère circonscription;88513;40997;46,32;47516;53,68;1374;1,55;2,89;46142;52,13;97,11;F;PICHERY;Marie-Line;SOC;19848;22,42;43,02;M;MIGNON;Jean-Claude;UMP;26294;29,71;56,98;;;;;;;
77;SEINE ET MARNE;2;2ème circonscription;77273;40225;52,06;37048;47,94;5124;6,63;13,83;31924;41,31;86,17;M;JULIA;Didier;UMP;18442;23,87;57,77;M;VALLETOUX;Frédéric;DVD;13482;17,45;42,23;;;;;;;
77;SEINE ET MARNE;3;3ème circonscription;76549;33717;44,05;42832;55,95;1786;2,33;4,17;41046;53,62;95,83;M;JEGO;Yves;UMP;26050;34,03;63,47;M;NAIR;Sami;DVG;14996;19,59;36,53;;;;;;;
77;SEINE ET MARNE;5;5ème circonscription;92684;42506;45,86;50178;54,14;1345;1,45;2,68;48833;52,69;97,32;F;RICHARD;Marie;SOC;20044;21,63;41,05;M;RIESTER;Franck;UMP;28789;31,06;58,95;;;;;;;
77;SEINE ET MARNE;7;7ème circonscription;88625;40530;45,73;48095;54,27;1071;1,21;2,23;47024;53,06;97,77;M;BREHIER;Emeric;SOC;20940;23,63;44,53;M;ALBARELLO;Yves;UMP;26084;29,43;55,47;;;;;;;
77;SEINE ET MARNE;8;8ème circonscription;111298;51155;45,96;60143;54,04;1143;1,03;1,90;59000;53,01;98,10;F;BRUNEL;Chantal;UMP;30054;27,00;50,94;M;FAURE;Olivier;SOC;28946;26,01;49,06;;;;;;;
77;SEINE ET MARNE;9;9ème circonscription;107418;48989;45,61;58429;54,39;1436;1,34;2,46;56993;53,06;97,54;M;GEOFFROY;Guy;UMP;31098;28,95;54,56;M;HEUCLIN;Jacques;SOC;25895;24,11;45,44;;;;;;;
78;YVELINES;1;1ère circonscription;91525;40320;44,05;51205;55,95;2155;2,35;4,21;49050;53,59;95,79;M;PINTE;Etienne;UMP;28300;30,92;57,70;F;FAUCHEUX;Sylvie;SOC;20750;22,67;42,30;;;;;;;
78;YVELINES;7;7ème circonscription;75534;33261;44,03;42273;55,97;942;1,25;2,23;41331;54,72;97,77;F;RODES;Estelle;DVG;17442;23,09;42,20;M;CARDO;Pierre;UMP;23889;31,63;57,80;;;;;;;
78;YVELINES;8;8ème circonscription;67331;30624;45,48;36707;54,52;1457;2,16;3,97;35250;52,35;96,03;M;BEDIER;Pierre;UMP;17860;26,53;50,67;F;DESCAMPS CROSNIER;Françoise;SOC;17390;25,83;49,33;;;;;;;
78;YVELINES;10;10ème circonscription;101190;41623;41,13;59567;58,87;2035;2,01;3,42;57532;56,86;96,58;M;FISCHER;Didier;SOC;23949;23,67;41,63;F;BOUTIN;Christine;UMP;33583;33,19;58,37;;;;;;;
78;YVELINES;11;11ème circonscription;58013;26396;45,50;31617;54,50;953;1,64;3,01;30664;52,86;96,99;M;FOURGOUS;Jean-Michel;UMP;15868;27,35;51,75;F;OTOKORE;Safia;SOC;14796;25,50;48,25;;;;;;;
78;YVELINES;12;12ème circonscription;71604;32797;45,80;38807;54,20;1876;2,62;4,83;36931;51,58;95,17;M;MASDEU ARUS;Jacques;UMP;19321;26,98;52,32;M;AIT;Eddie;SOC;17610;24,59;47,68;;;;;;;
79;DEUX SEVRES;1;1ère circonscription;64320;26735;41,57;37585;58,43;997;1,55;2,65;36588;56,88;97,35;F;GAILLARD;Geneviève;SOC;23871;37,11;65,24;M;ROUILLE;Frédéric;UMP;12717;19,77;34,76;;;;;;;
79;DEUX SEVRES;2;2ème circonscription;73668;26271;35,66;47397;64,34;1204;1,63;2,54;46193;62,70;97,46;M;GRIFFAULT;Jean-Pierre;UMP;19669;26,70;42,58;F;BATHO;Delphine;SOC;26524;36,00;57,42;;;;;;;
79;DEUX SEVRES;4;4ème circonscription;70152;25862;36,87;44290;63,13;1309;1,87;2,96;42981;61,27;97,04;M;GRELLIER;Jean;SOC;22095;31,50;51,41;M;PAILLE;Dominique;UMP;20886;29,77;48,59;;;;;;;
80;SOMME;1;1ère circonscription;60147;26978;44,85;33169;55,15;1790;2,98;5,40;31379;52,17;94,60;M;GREMETZ;Maxime;DVG;18618;30,95;59,33;M;BOURGOIS;Jean-Yves;MAJ;12761;21,22;40,67;;;;;;;
80;SOMME;2;2ème circonscription;64508;27147;42,08;37361;57,92;1049;1,63;2,81;36312;56,29;97,19;F;THUILLIEZ;Sarah;SOC;17131;26,56;47,18;M;JARDE;Olivier;MAJ;19181;29,73;52,82;;;;;;;
80;SOMME;3;3ème circonscription;68485;19374;28,29;49111;71,71;1848;2,70;3,76;47263;69,01;96,24;M;PEILLON;Vincent;SOC;23560;34,40;49,85;M;BIGNON;Jérôme;UMP;23703;34,61;50,15;;;;;;;
80;SOMME;4;4ème circonscription;73099;25367;34,70;47732;65,30;2101;2,87;4,40;45631;62,42;95,60;M;MATHON;Gilbert;SOC;23555;32,22;51,62;M;HART;Joël;UMP;22076;30,20;48,38;;;;;;;
80;SOMME;5;5ème circonscription;66051;23483;35,55;42568;64,45;1114;1,69;2,62;41454;62,76;97,38;F;KUMM;Valérie;SOC;18459;27,95;44,53;M;DEMILLY;Stéphane;MAJ;22995;34,81;55,47;;;;;;;
80;SOMME;6;6ème circonscription;78871;27327;34,65;51544;65,35;1916;2,43;3,72;49628;62,92;96,28;M;FLEURY;Jacques;SOC;24457;31,01;49,28;M;GEST;Alain;UMP;25171;31,91;50,72;;;;;;;
81;TARN;1;1ère circonscription;57444;18796;32,72;38648;67,28;2359;4,11;6,10;36289;63,17;93,90;M;VALAX;Jacques;SOC;22744;39,59;62,67;F;BOUSQUET SALMANI;Jacqueline;UMP;13545;23,58;37,33;;;;;;;
81;TARN;2;2ème circonscription;79972;25341;31,69;54631;68,31;1552;1,94;2,84;53079;66,37;97,16;M;CARCENAC;Thierry;SOC;28796;36,01;54,25;F;REVEILLON;Catherine;UMP;24283;30,36;45,75;;;;;;;
81;TARN;3;3ème circonscription;59752;23357;39,09;36395;60,91;5636;9,43;15,49;30759;51,48;84,51;M;THOUROUDE;Jacques;DVD;10832;18,13;35,22;M;FOLLIOT;Philippe;MAJ;19927;33,35;64,78;;;;;;;
81;TARN;4;4ème circonscription;80069;25503;31,85;54566;68,15;2095;2,62;3,84;52471;65,53;96,16;M;CARAYON;Bernard;UMP;28131;35,13;53,61;F;COLLANGE;Monique;SOC;24340;30,40;46,39;;;;;;;
82;TARN ET GARONNE;1;1ère circonscription;82026;26173;31,91;55853;68,09;2274;2,77;4,07;53579;65,32;95,93;M;GARRIGUES;Roland;SOC;26357;32,13;49,19;F;BAREGES;Brigitte;UMP;27222;33,19;50,81;;;;;;;
82;TARN ET GARONNE;2;2ème circonscription;84398;29197;34,59;55201;65,41;2328;2,76;4,22;52873;62,65;95,78;F;PINEL;Sylvia;RDG;26811;31,77;50,71;M;BRIAT;Jacques;UMP;26062;30,88;49,29;;;;;;;
83;VAR;4;4ème circonscription;121416;53497;44,06;67919;55,94;2672;2,20;3,93;65247;53,74;96,07;M;COUVE;Jean-Michel;UMP;43047;35,45;65,98;M;PINEAU;Michel;SOC;22200;18,28;34,02;;;;;;;
84;VAUCLUSE;1;1ère circonscription;71552;29875;41,75;41677;58,25;2038;2,85;4,89;39639;55,40;95,11;F;ROIG;Marie-Josée;UMP;22479;31,42;56,71;F;FOURNIER-ARMAND;Michèle;SOC;17160;23,98;43,29;;;;;;;
84;VAUCLUSE;2;2ème circonscription;120712;46692;38,68;74020;61,32;2527;2,09;3,41;71493;59,23;96,59;M;JOSEPH;Jean-Louis;SOC;31970;26,48;44,72;M;BOUCHET;Jean-Claude;UMP;39523;32,74;55,28;;;;;;;
84;VAUCLUSE;3;3ème circonscription;97321;39660;40,75;57661;59,25;2321;2,38;4,03;55340;56,86;95,97;F;PERIS;Nadine;SOC;19660;20,20;35,53;M;FERRAND;Jean-Michel;UMP;35680;36,66;64,47;;;;;;;
84;VAUCLUSE;4;4ème circonscription;82854;32569;39,31;50285;60,69;2988;3,61;5,94;47297;57,08;94,06;M;MEFFRE;Pierre;SOC;18835;22,73;39,82;M;MARIANI;Thierry;UMP;28462;34,35;60,18;;;;;;;
85;VENDEE;1;1ère circonscription;95366;42309;44,36;53057;55,64;1988;2,08;3,75;51069;53,55;96,25;M;PREEL;Jean-Luc;MAJ;29055;30,47;56,89;F;CEREIJO;Patricia;SOC;22014;23,08;43,11;;;;;;;
85;VENDEE;2;2ème circonscription;91771;36545;39,82;55226;60,18;1570;1,71;2,84;53656;58,47;97,16;F;BULTEAU;Sylviane;SOC;24263;26,44;45,22;M;CAILLAUD;Dominique;UMP;29393;32,03;54,78;;;;;;;
86;VIENNE;1;1ère circonscription;82889;31478;37,98;51411;62,02;1412;1,70;2,75;49999;60,32;97,25;M;CLAEYS;Alain;SOC;29549;35,65;59,10;F;DAIGRE;Jacqueline;UMP;20450;24,67;40,90;;;;;;;
86;VIENNE;2;2ème circonscription;73476;26206;35,67;47270;64,33;1213;1,65;2,57;46057;62,68;97,43;M;CHAMARD;Jean-Yves;UMP;20699;28,17;44,94;F;COUTELLE;Catherine;SOC;25358;34,51;55,06;;;;;;;
86;VIENNE;3;3ème circonscription;67729;23197;34,25;44532;65,75;1402;2,07;3,15;43130;63,68;96,85;M;HERBERT;Gérard;UMP;21526;31,78;49,91;M;CLEMENT;Jean-Michel;SOC;21604;31,90;50,09;;;;;;;
86;VIENNE;4;4ème circonscription;75889;30624;40,35;45265;59,65;2378;3,13;5,25;42887;56,51;94,75;M;ABELIN;Jean-Pierre;MAJ;24282;32,00;56,62;F;TONDUSSON;Brigitte;SOC;18605;24,52;43,38;;;;;;;
87;HAUTE VIENNE;1;1ère circonscription;54280;18783;34,60;35497;65,40;1184;2,18;3,34;34313;63,21;96,66;F;BOULESTIN;Monique;SOC;18218;33,56;53,09;M;MARSAUD;Alain;UMP;16095;29,65;46,91;;;;;;;
87;HAUTE VIENNE;2;2ème circonscription;74002;22049;29,80;51953;70,20;2440;3,30;4,70;49513;66,91;95,30;M;BOISSERIE;Daniel;SOC;30149;40,74;60,89;F;GUILHEM;Evelyne;UMP;19364;26,17;39,11;;;;;;;
87;HAUTE VIENNE;3;3ème circonscription;66256;22010;33,22;44246;66,78;1522;2,30;3,44;42724;64,48;96,56;F;PEROL-DUMONT;Marie-Françoise;SOC;26631;40,19;62,33;F;MARTINEAU;Béatrice;UMP;16093;24,29;37,67;;;;;;;
87;HAUTE VIENNE;4;4ème circonscription;72013;25593;35,54;46420;64,46;1896;2,63;4,08;44524;61,83;95,92;M;RODET;Alain;SOC;29341;40,74;65,90;F;GENTIL;Sarah;UMP;15183;21,08;34,10;;;;;;;
88;VOSGES;2;2ème circonscription;75670;32082;42,40;43588;57,60;2337;3,09;5,36;41251;54,51;94,64;M;PIERRET;Christian;SOC;18566;24,54;45,01;M;CHERPION;Gérard;UMP;22685;29,98;54,99;;;;;;;
88;VOSGES;4;4ème circonscription;69404;26068;37,56;43336;62,44;1434;2,07;3,31;41902;60,37;96,69;M;GAULTIER;Jean-Jacques;UMP;23347;33,64;55,72;M;FRANQUEVILLE;Christian;SOC;18555;26,73;44,28;;;;;;;
89;YONNE;1;1ère circonscription;79127;31863;40,27;47264;59,73;2012;2,54;4,26;45252;57,19;95,74;F;LE CORRE;Mireille;SOC;20577;26,01;45,47;M;SOISSON;Jean-Pierre;UMP;24675;31,18;54,53;;;;;;;
89;YONNE;2;2ème circonscription;73863;29273;39,63;44590;60,37;1424;1,93;3,19;43166;58,44;96,81;M;CAULLET;Jean-Yves;SOC;19932;26,99;46,18;M;ROLLAND;Jean-Marie;UMP;23234;31,46;53,82;;;;;;;
89;YONNE;3;3ème circonscription;93239;39052;41,88;54187;58,12;2469;2,65;4,56;51718;55,47;95,44;M;PARIS;Daniel;RDG;24290;26,05;46,97;F;FORT;Marie-Louise;UMP;27428;29,42;53,03;;;;;;;
90;TERRITOIRE DE BELFORT;1;1ère circonscription;46745;17468;37,37;29277;62,63;1187;2,54;4,05;28090;60,09;95,95;M;MESLOT;Damien;UMP;16478;35,25;58,66;F;FORCINAL;Anne-Marie;SOC;11612;24,84;41,34;;;;;;;
90;TERRITOIRE DE BELFORT;2;2ème circonscription;47484;17099;36,01;30385;63,99;1565;3,30;5,15;28820;60,69;94,85;M;ZUMKELLER;Michel;UMP;15701;33,07;54,48;M;CHEVÈNEMENT;Jean-Pierre;DVG;13119;27,63;45,52;;;;;;;
91;ESSONNE;1;1ère circonscription;67362;30691;45,56;36671;54,44;869;1,29;2,37;35802;53,15;97,63;M;VALLS;Manuel;SOC;21523;31,95;60,12;F;DE OLIVEIRA;Cristela;UMP;14279;21,20;39,88;;;;;;;
91;ESSONNE;3;3ème circonscription;93545;38420;41,07;55125;58,93;1549;1,66;2,81;53576;57,27;97,19;F;COLOT;Geneviève;UMP;29240;31,26;54,58;F;ZINS;Brigitte;SOC;24336;26,02;45,42;;;;;;;
91;ESSONNE;4;4ème circonscription;84637;34213;40,42;50424;59,58;1257;1,49;2,49;49167;58,09;97,51;F;KOSCIUSKO-MORIZET;Nathalie;UMP;27576;32,58;56,09;M;THOMAS;Olivier;SOC;21591;25,51;43,91;;;;;;;
91;ESSONNE;5;5ème circonscription;65743;24540;37,33;41203;62,67;971;1,48;2,36;40232;61,20;97,64;F;OLIVIER;Maud;SOC;20016;30,45;49,75;M;LASBORDES;Pierre;UMP;20216;30,75;50,25;;;;;;;
91;ESSONNE;6;6ème circonscription;73040;28369;38,84;44671;61,16;1143;1,56;2,56;43528;59,59;97,44;M;LAMY;François;SOC;22913;31,37;52,64;F;CARANTOIS;Véronique;UMP;20615;28,22;47,36;;;;;;;
91;ESSONNE;7;7ème circonscription;71880;31428;43,72;40452;56,28;1012;1,41;2,50;39440;54,87;97,50;M;MARSAUDON;Jean;UMP;20523;28,55;52,04;F;MATHIEU;Simone;SOC;18917;26,32;47,96;;;;;;;
91;ESSONNE;9;9ème circonscription;74159;31297;42,20;42862;57,80;929;1,25;2,17;41933;56,54;97,83;M;MANDON;Thierry;SOC;18542;25,00;44,22;M;TRON;Georges;UMP;23391;31,54;55,78;;;;;;;
91;ESSONNE;10;10ème circonscription;60770;25872;42,57;34898;57,43;896;1,47;2,57;34002;55,95;97,43;F;GAUDIN;Laurence;UMP;15819;26,03;46,52;M;DRAY;Julien;SOC;18183;29,92;53,48;;;;;;;
92;HAUTS DE SEINE;1;1ère circonscription;59278;30344;51,19;28934;48,81;824;1,39;2,85;28110;47,42;97,15;M;MUZEAU;Roland;COM;17861;30,13;63,54;F;VIGNON;Véronique;UMP;10249;17,29;36,46;;;;;;;
92;HAUTS DE SEINE;2;2ème circonscription;62438;28570;45,76;33868;54,24;1260;2,02;3,72;32608;52,22;96,28;M;AESCHLIMANN;Manuel;UMP;18322;29,34;56,19;F;ETCHEBERRY;Michèle;SOC;14286;22,88;43,81;;;;;;;
92;HAUTS DE SEINE;4;4ème circonscription;67297;29520;43,87;37777;56,13;1069;1,59;2,83;36708;54,55;97,17;M;DUPUY;Christian;UMP;16723;24,85;45,56;F;FRAYSSE;Jacqueline;COM;19985;29,70;54,44;;;;;;;
92;HAUTS DE SEINE;5;5ème circonscription;68265;30897;45,26;37368;54,74;2119;3,10;5,67;35249;51,64;94,33;M;CATOIRE;Gilles;SOC;15773;23,11;44,75;M;BALKANY;Patrick;UMP;19476;28,53;55,25;;;;;;;
92;HAUTS DE SEINE;10;10ème circonscription;66489;28266;42,51;38223;57,49;1116;1,68;2,92;37107;55,81;97,08;F;SCHMID;Lucille;SOC;16366;24,61;44,10;M;SANTINI;André;MAJ;20741;31,19;55,90;;;;;;;
92;HAUTS DE SEINE;11;11ème circonscription;65594;27133;41,37;38461;58,63;875;1,33;2,28;37586;57,30;97,72;F;AMIABLE;Marie-Hélène;COM;22016;33,56;58,58;M;METTON;Jean-Loup;MAJ;15570;23,74;41,42;;;;;;;
92;HAUTS DE SEINE;12;12ème circonscription;85816;32201;37,52;53615;62,48;1214;1,41;2,26;52401;61,06;97,74;M;KALTENBACH;Philippe;SOC;24682;28,76;47,10;M;PEMEZEC;Philippe;UMP;27719;32,30;52,90;;;;;;;
92;HAUTS DE SEINE;13;13ème circonscription;85159;34101;40,04;51058;59,96;1843;2,16;3,61;49215;57,79;96,39;M;DEVEDJIAN;Patrick;UMP;27018;31,73;54,90;F;CANET;Michèle;SOC;22197;26,07;45,10;;;;;;;
93;SEINE SAINT-DENIS;1;1ère circonscription;50448;26259;52,05;24189;47,95;750;1,49;3,10;23439;46,46;96,90;M;LE ROUX;Bruno;SOC;14699;29,14;62,71;F;ESPINASSE;Briggitte;UMP;8740;17,32;37,29;;;;;;;
93;SEINE SAINT-DENIS;2;2ème circonscription;50028;26974;53,92;23054;46,08;788;1,58;3,42;22266;44,51;96,58;M;BRAOUEZEC;Patrick;COM;14472;28,93;65,00;F;NICOL;Evelyne;UMP;7794;15,58;35,00;;;;;;;
93;SEINE SAINT-DENIS;3;3ème circonscription;45095;24521;54,38;20574;45,62;870;1,93;4,23;19704;43,69;95,77;M;GOLDBERG;Daniel;SOC;12121;26,88;61,52;M;HAMZA;Kamel;UMP;7583;16,82;38,48;;;;;;;
93;SEINE SAINT-DENIS;4;4ème circonscription;45413;22835;50,28;22578;49,72;552;1,22;2,44;22026;48,50;97,56;M;MEIGNEN;Thierry;UMP;9702;21,36;44,05;F;BUFFET;Marie-George;COM;12324;27,14;55,95;;;;;;;
93;SEINE SAINT-DENIS;5;5ème circonscription;53222;26166;49,16;27056;50,84;676;1,27;2,50;26380;49,57;97,50;M;SADI;ABDEL;COM;10585;19,89;40,13;M;LAGARDE;Jean-Christophe;DVD;15795;29,68;59,87;;;;;;;
93;SEINE SAINT-DENIS;6;6ème circonscription;60998;29339;48,10;31659;51,90;1084;1,78;3,42;30575;50,12;96,58;M;DUPONT;Jean-Claude;UMP;10817;17,73;35,38;M;BARTOLONE;Claude;SOC;19758;32,39;64,62;;;;;;;
93;SEINE SAINT-DENIS;7;7ème circonscription;49878;32819;65,80;17059;34,20;5147;10,32;30,17;11912;23,88;69,83;M;BRARD;Jean-Pierre;DVG;11912;23,88;100,00;;;;;;;;;;;;;;
93;SEINE SAINT-DENIS;8;8ème circonscription;60718;27454;45,22;33264;54,78;1080;1,78;3,25;32184;53,01;96,75;F;POCHON;Elizabeth;SOC;14261;23,49;44,31;M;CALMEJANE;Patrice;UMP;17923;29,52;55,69;;;;;;;
93;SEINE SAINT-DENIS;9;9ème circonscription;55283;26863;48,59;28420;51,41;830;1,50;2,92;27590;49,91;97,08;F;VINCENT;Georgia;UMP;10968;19,84;39,75;F;GUIGOU;Elisabeth;SOC;16622;30,07;60,25;;;;;;;
93;SEINE SAINT-DENIS;10;10ème circonscription;52422;24086;45,95;28336;54,05;852;1,63;3,01;27484;52,43;96,99;M;SEGURA;Gérard;SOC;13473;25,70;49,02;M;GAUDRON;Gérard;UMP;14011;26,73;50,98;;;;;;;
93;SEINE SAINT-DENIS;11;11ème circonscription;58750;27218;46,33;31532;53,67;761;1,30;2,41;30771;52,38;97,59;M;ASENSI;François;COM;17464;29,73;56,75;F;VALLETON;Martine;UMP;13307;22,65;43,25;;;;;;;
93;SEINE SAINT-DENIS;12;12ème circonscription;61849;28304;45,76;33545;54,24;913;1,48;2,72;32632;52,76;97,28;M;POPELIN;Pascal;SOC;15068;24,36;46,18;M;RAOULT;Eric;UMP;17564;28,40;53,82;;;;;;;
93;SEINE SAINT-DENIS;13;13ème circonscription;69561;30630;44,03;38931;55,97;1481;2,13;3,80;37450;53,84;96,20;M;PAJON;Michel;SOC;20520;29,50;54,79;F;DEMUYNCK;Elizabeth;UMP;16930;24,34;45,21;;;;;;;
94;VAL DE MARNE;1;1ère circonscription;54868;23780;43,34;31088;56,66;2021;3,68;6,50;29067;52,98;93,50;M;PLAGNOL;Henri;UMP;15762;28,73;54,23;M;CAVADA;Jean-Marie;UDFD;13305;24,25;45,77;;;;;;;
94;VAL DE MARNE;2;2ème circonscription;64455;30898;47,94;33557;52,06;842;1,31;2,51;32715;50,76;97,49;M;CATHALA;Laurent;SOC;19690;30,55;60,19;F;BARON;Monique;UMP;13025;20,21;39,81;;;;;;;
94;VAL DE MARNE;3;3ème circonscription;68670;31112;45,31;37558;54,69;1068;1,56;2,84;36490;53,14;97,16;M;SCHWARTZENBERG;Roger-Gérard;RDG;18171;26,46;49,80;M;GONZALES;Didier;UMP;18319;26,68;50,20;;;;;;;
94;VAL DE MARNE;4;4ème circonscription;70262;31345;44,61;38917;55,39;1432;2,04;3,68;37485;53,35;96,32;M;BENISTI;Jacques-Alain;UMP;21219;30,20;56,61;F;ABRAHAM-THISSE;Simone;SOC;16266;23,15;43,39;;;;;;;
94;VAL DE MARNE;5;5ème circonscription;61976;28516;46,01;33460;53,99;1012;1,63;3,02;32448;52,36;96,98;M;ADENOT;Dominique;COM;14404;23,24;44,39;M;CARREZ;Gilles;UMP;18044;29,11;55,61;;;;;;;
94;VAL DE MARNE;6;6ème circonscription;77903;34245;43,96;43658;56,04;1123;1,44;2,57;42535;54,60;97,43;M;DORNBUSCH;David;SOC;19719;25,31;46,36;M;BEAUDOUIN;Patrick;UMP;22816;29,29;53,64;;;;;;;
94;VAL DE MARNE;7;7ème circonscription;58879;26131;44,38;32748;55,62;932;1,58;2,85;31816;54,04;97,15;F;MONTCHAMP;Marie-Anne;UMP;18595;31,58;58,45;F;JOUBERT;Monique;SOC;13221;22,45;41,55;;;;;;;
94;VAL DE MARNE;9;9ème circonscription;51790;25644;49,52;26146;50,48;926;1,79;3,54;25220;48,70;96,46;M;ROUQUET;René;SOC;16390;31,65;64,99;M;NJOH;Emmanuel;UMP;8830;17,05;35,01;;;;;;;
94;VAL DE MARNE;10;10ème circonscription;61143;29590;48,39;31553;51,61;1091;1,78;3,46;30462;49,82;96,54;M;GOSNAT;Pierre;COM;19708;32,23;64,70;M;BACHSCHMIDT;Philippe;UMP;10754;17,59;35,30;;;;;;;
94;VAL DE MARNE;11;11ème circonscription;57674;26281;45,57;31393;54,43;935;1,62;2,98;30458;52,81;97,02;F;PINON;Sophie;UMP;11332;19,65;37,21;M;LE BOUILLONNEC;Jean-Yves;SOC;19126;33,16;62,79;;;;;;;
94;VAL DE MARNE;12;12ème circonscription;64529;27700;42,93;36829;57,07;997;1,55;2,71;35832;55,53;97,29;M;SEVE;Patrick;SOC;17723;27,47;49,46;M;DELL'AGNOLA;Richard;UMP;18109;28,06;50,54;;;;;;;
95;VAL D'OISE;1;1ère circonscription;76973;32652;42,42;44321;57,58;1079;1,40;2,43;43242;56,18;97,57;M;HOUILLON;Philippe;UMP;25358;32,94;58,64;F;DROLON;Corine;SOC;17884;23,23;41,36;;;;;;;
95;VAL D'OISE;2;2ème circonscription;114930;50534;43,97;64396;56,03;1718;1,49;2,67;62678;54,54;97,33;M;PONIATOWSKI;Axel;UMP;33270;28,95;53,08;M;LEFEBVRE;Dominique;SOC;29408;25,59;46,92;;;;;;;
95;VAL D'OISE;3;3ème circonscription;83938;37823;45,06;46115;54,94;1237;1,47;2,68;44878;53,47;97,32;F;LEON;Nelly;SOC;20632;24,58;45,97;M;BARDET;Jean;UMP;24246;28,89;54,03;;;;;;;
95;VAL D'OISE;4;4ème circonscription;71858;31633;44,02;40225;55,98;1108;1,54;2,75;39117;54,44;97,25;M;BODIN;Claude;UMP;21491;29,91;54,94;M;SEBAOUN;Gérard;SOC;17626;24,53;45,06;;;;;;;
95;VAL D'OISE;5;5ème circonscription;64076;29658;46,29;34418;53,71;1126;1,76;3,27;33292;51,96;96,73;M;MOTHRON;Georges;UMP;16983;26,50;51,01;M;LAMDAOUI;Faouzi;SOC;16309;25,45;48,99;;;;;;;
95;VAL D'OISE;6;6ème circonscription;72546;33904;46,73;38642;53,27;1054;1,45;2,73;37588;51,81;97,27;M;SCELLIER;François;UMP;21836;30,10;58,09;F;GEORGELIN;Marie-Paule;SOC;15752;21,71;41,91;;;;;;;
95;VAL D'OISE;7;7ème circonscription;80868;36584;45,24;44284;54,76;1038;1,28;2,34;43246;53,48;97,66;M;ARNAL;Didier;SOC;18693;23,12;43,22;M;CHARTIER;Jérôme;UMP;24553;30,36;56,78;;;;;;;
95;VAL D'OISE;8;8ème circonscription;48838;22750;46,58;26088;53,42;571;1,17;2,19;25517;52,25;97,81;F;NOACHOVITCH;Sylvie;UMP;11363;23,27;44,53;M;STRAUSS KAHN;Dominique;SOC;14154;28,98;55,47;;;;;;;
95;VAL D'OISE;9;9ème circonscription;65355;30650;46,90;34705;53,10;893;1,37;2,57;33812;51,74;97,43;M;BLAZY;Jean-Pierre;SOC;16761;25,65;49,57;M;PATERNOTTE;Yanick;UMP;17051;26,09;50,43;;;;;;;
ZA;GUADELOUPE;1;1ère circonscription;62429;37108;59,44;25321;40,56;2272;3,64;8,97;23049;36,92;91,03;M;JALTON;Eric;DVG;14453;23,15;62,71;F;JERPAN;Josette;DVD;8596;13,77;37,29;;;;;;;
ZA;GUADELOUPE;2;2ème circonscription;88463;50316;56,88;38147;43,12;2177;2,46;5,71;35970;40,66;94,29;M;MOUTOUSSAMY;Ernest;DVG;16234;18,35;45,13;F;LOUIS-CARABIN;Gabrielle;UMP;19736;22,31;54,87;;;;;;;
ZA;GUADELOUPE;3;3ème circonscription;81899;48321;59,00;33578;41,00;2495;3,05;7,43;31083;37,95;92,57;F;MARC ;Jeanny;DVG;18061;22,05;58,11;M;BEAUGENDRE;Joël;UMP;13022;15,90;41,89;;;;;;;
ZA;GUADELOUPE;4;4ème circonscription;70704;38731;54,78;31973;45,22;1864;2,64;5,83;30109;42,58;94,17;M;DORVILLE;Albert;DIV;14279;20,20;47,42;M;LUREL;Victorin;SOC;15830;22,39;52,58;;;;;;;
ZB;MARTINIQUE;1;1ère circonscription;60751;33318;54,84;27433;45,16;1713;2,82;6,24;25720;42,34;93,76;M;MANSCOUR;Louis-Joseph;SOC;14151;23,29;55,02;M;MONPLAISIR;Yan Anselme;UMP;11569;19,04;44,98;;;;;;;
ZB;MARTINIQUE;2;2ème circonscription;61725;34654;56,14;27071;43,86;1471;2,38;5,43;25600;41,47;94,57;M;ALMONT;Alfred;UMP;13268;21,50;51,83;F;CONCONNE;Catherine;DVG;12332;19,98;48,17;;;;;;;
ZB;MARTINIQUE;3;3ème circonscription;62264;37046;59,50;25218;40,50;1527;2,45;6,06;23691;38,05;93,94;M;LETCHIMY;Serge;DVG;16055;25,79;67,77;M;EDMOND-MARIETTE;Philippe;DVG;7636;12,26;32,23;;;;;;;
ZB;MARTINIQUE;4;4ème circonscription;103516;61855;59,75;41661;40,25;2699;2,61;6,48;38962;37,64;93,52;M;LESUEUR;André;UMP;12289;11,87;31,54;M;MARIE-JEANNE;Alfred;REG;26673;25,77;68,46;;;;;;;
ZC;GUYANE;1;1ère circonscription;22318;12842;57,54;9476;42,46;495;2,22;5,22;8981;40,24;94,78;M;BUDOC;Rémy-Louis;UMP;3286;14,72;36,59;F;TAUBIRA;Christiane;DVG;5695;25,52;63,41;;;;;;;
ZC;GUYANE;2;2ème circonscription;40490;22589;55,79;17901;44,21;855;2,11;4,78;17046;42,10;95,22;F;BERTHELOT;Chantal;DVG;9012;22,26;52,87;M;BERTRAND;LEON;UMP;8034;19,84;47,13;;;;;;;
ZD;LA REUNION;1;1ère circonscription;83850;37861;45,15;45989;54,85;2831;3,38;6,16;43158;51,47;93,84;M;ANNETTE;Gilbert;SOC;20951;24,99;48,54;M;VICTORIA;René-Paul;UMP;22207;26,48;51,46;;;;;;;
ZD;LA REUNION;2;2ème circonscription;108157;45857;42,40;62300;57,60;3732;3,45;5,99;58568;54,15;94,01;F;BELLO;Huguette;DVG;34911;32,28;59,61;M;BENARD;Alain;DVD;23657;21,87;40,39;;;;;;;
ZD;LA REUNION;3;3ème circonscription;126885;44306;34,92;82579;65,08;4361;3,44;5,28;78218;61,64;94,72;M;ROBERT;Didier;UMP;48822;38,48;62,42;M;VERGES;Paul;DVG;29396;23,17;37,58;;;;;;;
ZD;LA REUNION;4;4ème circonscription;93834;31101;33,14;62733;66,86;2618;2,79;4,17;60115;64,07;95,83;M;LEBRETON;Patrick;SOC;34994;37,29;58,21;M;FONTAINE;Michel;UMP;25121;26,77;41,79;;;;;;;
ZD;LA REUNION;5;5ème circonscription;100197;41323;41,24;58874;58,76;2926;2,92;4,97;55948;55,84;95,03;M;AUDIFAX;Bertho;UMP;22405;22,36;40,05;M;FRUTEAU;Jean-Claude;SOC;33543;33,48;59,95;;;;;;;
ZM;MAYOTTE;1;1ère circonscription;64704;30052;46,45;34652;53,55;1269;1,96;3,66;33383;51,59;96,34;M;ALY;Abdoulatifou;DIV;18789;29,04;56,28;M;KAMARDINE;Mansour;UMP;14594;22,56;43,72;;;;;;;
ZN;NOUVELLE CALEDONIE;1;1ère circonscription;68928;29139;42,27;39789;57,73;1166;1,69;2,93;38623;56,03;97,07;M;YANNO;Gaël;UMP;26732;38,78;69,21;M;WASHETINE;Charles;REG;11891;17,25;30,79;;;;;;;
ZN;NOUVELLE CALEDONIE;2;2ème Circonscription;77938;29476;37,82;48462;62,18;1240;1,59;2,56;47222;60,59;97,44;M;FROGIER;Pierre;UMP;25559;32,79;54,13;M;PIDJOT;Charles;REG;21663;27,80;45,87;;;;;;;
ZP;POLYNESIE FRANCAISE;1;1ère circonscription;93812;32936;35,11;60876;64,89;848;0,90;1,39;60028;63,99;98,61;M;TEMARU;Oscar Manutahi;REG;27569;29,39;45,93;M;BUILLARD;Michel;DVD;32459;34,60;54,07;;;;;;;
ZP;POLYNESIE FRANCAISE;2;2ème Circonscription;73900;29454;39,86;44446;60,14;1051;1,42;2,36;43395;58,72;97,64;M;SANDRAS;Bruno;UMP;24707;33,43;56,94;M;FREBAULT;Pierre Aroarii;REG;18688;25,29;43,06;;;;;;;
ZS;SAINT PIERRE ET MIQUELON;1;1ère circonscription;4923;1183;24,03;3740;75,97;198;4,02;5,29;3542;71,95;94,71;M;GRIGNON;Gérard;UMP;1726;35,06;48,73;F;GIRARDIN ;Annick;RDG;1816;36,89;51,27;;;;;;;
ZW;WALLIS-ET-FUTUNA;1;1ère circonscription;11157;3068;27,50;8089;72,50;72;0,65;0,89;8017;71,86;99,11;M;LIKUVALU;Albert;SOC;4152;37,21;51,79;M;BRIAL;Victor;UMP;3865;34,64;48,21;;;;;;;
